ISO-10303-21;
HEADER;
/* Generated by software containing ST-Developer
 * from STEP Tools, Inc. (www.steptools.com) 
 */

FILE_DESCRIPTION(
/* description */ ('STEP AP203'),
/* implementation_level */ '2;1');

FILE_NAME(
/* name */ 'SoccerField_202605.step',
/* time_stamp */ '2026-05-25T17:29:11-07:00',
/* author */ (''),
/* organization */ (''),
/* preprocessor_version */ 'ST-DEVELOPER v20.1',
/* originating_system */ 'Autodesk Translation Framework v15.8.0.0',
/* authorisation */ '');

FILE_SCHEMA (('AUTOMOTIVE_DESIGN { 1 0 10303 214 3 1 1 }'));
ENDSEC;

DATA;
#10=MECHANICAL_DESIGN_GEOMETRIC_PRESENTATION_REPRESENTATION('',(#1711,#1712,
#1713,#1714,#1715,#1716,#1717,#1718,#1719,#1720,#1721,#1722,#1723,#1724,
#1725,#1726,#1727,#1728,#1729,#1730,#1731,#1732,#1733,#1734,#1735,#1736,
#1737,#1738,#1739,#1740,#1741,#1742,#1743,#1744,#1745,#1746,#1747,#1748,
#1749,#1750,#1751,#1752,#1753,#1754,#1755,#1756,#1757,#1758,#1759,#1760,
#1761,#1762,#1763,#1764),#2993);
#11=SHAPE_REPRESENTATION_RELATIONSHIP('SRR','None',#3000,#12);
#12=ADVANCED_BREP_SHAPE_REPRESENTATION('',(#13),#2992);
#13=MANIFOLD_SOLID_BREP('Body1',#1861);
#14=CIRCLE('',#1882,10.);
#15=CIRCLE('',#1883,10.);
#16=CIRCLE('',#1885,10.);
#17=CIRCLE('',#1886,10.);
#18=CIRCLE('',#1888,10.);
#19=CIRCLE('',#1889,10.);
#20=CIRCLE('',#1891,10.);
#21=CIRCLE('',#1892,10.);
#22=CIRCLE('',#1894,10.);
#23=CIRCLE('',#1895,10.);
#24=CIRCLE('',#1897,295.);
#25=CIRCLE('',#1898,295.);
#26=CIRCLE('',#1900,300.);
#27=CIRCLE('',#1901,300.);
#28=CIRCLE('',#1916,129.999999999999);
#29=CIRCLE('',#1917,129.999999999999);
#30=CIRCLE('',#1918,129.999999999999);
#31=CIRCLE('',#1919,129.999999999999);
#32=CIRCLE('',#1920,149.999999999999);
#33=CIRCLE('',#1921,149.999999999999);
#34=CIRCLE('',#1922,149.999999999999);
#35=CIRCLE('',#1923,149.999999999999);
#36=CIRCLE('',#1938,149.999999999999);
#37=CIRCLE('',#1941,149.999999999999);
#38=CIRCLE('',#1948,149.999999999999);
#39=CIRCLE('',#1951,149.999999999999);
#40=CIRCLE('',#1957,129.999999999999);
#41=CIRCLE('',#1962,129.999999999999);
#42=CIRCLE('',#1964,129.999999999999);
#43=CIRCLE('',#1969,129.999999999999);
#44=CYLINDRICAL_SURFACE('',#1881,10.);
#45=CYLINDRICAL_SURFACE('',#1884,10.);
#46=CYLINDRICAL_SURFACE('',#1887,10.);
#47=CYLINDRICAL_SURFACE('',#1890,10.);
#48=CYLINDRICAL_SURFACE('',#1893,10.);
#49=CYLINDRICAL_SURFACE('',#1896,295.);
#50=CYLINDRICAL_SURFACE('',#1899,300.);
#51=CYLINDRICAL_SURFACE('',#1937,149.999999999999);
#52=CYLINDRICAL_SURFACE('',#1940,149.999999999999);
#53=CYLINDRICAL_SURFACE('',#1947,149.999999999999);
#54=CYLINDRICAL_SURFACE('',#1950,149.999999999999);
#55=CYLINDRICAL_SURFACE('',#1956,129.999999999999);
#56=CYLINDRICAL_SURFACE('',#1961,129.999999999999);
#57=CYLINDRICAL_SURFACE('',#1963,129.999999999999);
#58=CYLINDRICAL_SURFACE('',#1968,129.999999999999);
#59=FACE_BOUND('',#167,.T.);
#60=FACE_BOUND('',#192,.T.);
#61=FACE_BOUND('',#236,.T.);
#62=FACE_BOUND('',#237,.T.);
#63=FACE_BOUND('',#238,.T.);
#64=FACE_BOUND('',#239,.T.);
#65=FACE_BOUND('',#240,.T.);
#66=FACE_BOUND('',#244,.T.);
#67=FACE_BOUND('',#246,.T.);
#68=FACE_OUTER_BOUND('',#164,.T.);
#69=FACE_OUTER_BOUND('',#165,.T.);
#70=FACE_OUTER_BOUND('',#166,.T.);
#71=FACE_OUTER_BOUND('',#168,.T.);
#72=FACE_OUTER_BOUND('',#169,.T.);
#73=FACE_OUTER_BOUND('',#170,.T.);
#74=FACE_OUTER_BOUND('',#171,.T.);
#75=FACE_OUTER_BOUND('',#172,.T.);
#76=FACE_OUTER_BOUND('',#173,.T.);
#77=FACE_OUTER_BOUND('',#174,.T.);
#78=FACE_OUTER_BOUND('',#175,.T.);
#79=FACE_OUTER_BOUND('',#176,.T.);
#80=FACE_OUTER_BOUND('',#177,.T.);
#81=FACE_OUTER_BOUND('',#178,.T.);
#82=FACE_OUTER_BOUND('',#179,.T.);
#83=FACE_OUTER_BOUND('',#180,.T.);
#84=FACE_OUTER_BOUND('',#181,.T.);
#85=FACE_OUTER_BOUND('',#182,.T.);
#86=FACE_OUTER_BOUND('',#183,.T.);
#87=FACE_OUTER_BOUND('',#184,.T.);
#88=FACE_OUTER_BOUND('',#185,.T.);
#89=FACE_OUTER_BOUND('',#186,.T.);
#90=FACE_OUTER_BOUND('',#187,.T.);
#91=FACE_OUTER_BOUND('',#188,.T.);
#92=FACE_OUTER_BOUND('',#189,.T.);
#93=FACE_OUTER_BOUND('',#190,.T.);
#94=FACE_OUTER_BOUND('',#191,.T.);
#95=FACE_OUTER_BOUND('',#193,.T.);
#96=FACE_OUTER_BOUND('',#194,.T.);
#97=FACE_OUTER_BOUND('',#195,.T.);
#98=FACE_OUTER_BOUND('',#196,.T.);
#99=FACE_OUTER_BOUND('',#197,.T.);
#100=FACE_OUTER_BOUND('',#198,.T.);
#101=FACE_OUTER_BOUND('',#199,.T.);
#102=FACE_OUTER_BOUND('',#200,.T.);
#103=FACE_OUTER_BOUND('',#201,.T.);
#104=FACE_OUTER_BOUND('',#202,.T.);
#105=FACE_OUTER_BOUND('',#203,.T.);
#106=FACE_OUTER_BOUND('',#204,.T.);
#107=FACE_OUTER_BOUND('',#205,.T.);
#108=FACE_OUTER_BOUND('',#206,.T.);
#109=FACE_OUTER_BOUND('',#207,.T.);
#110=FACE_OUTER_BOUND('',#208,.T.);
#111=FACE_OUTER_BOUND('',#209,.T.);
#112=FACE_OUTER_BOUND('',#210,.T.);
#113=FACE_OUTER_BOUND('',#211,.T.);
#114=FACE_OUTER_BOUND('',#212,.T.);
#115=FACE_OUTER_BOUND('',#213,.T.);
#116=FACE_OUTER_BOUND('',#214,.T.);
#117=FACE_OUTER_BOUND('',#215,.T.);
#118=FACE_OUTER_BOUND('',#216,.T.);
#119=FACE_OUTER_BOUND('',#217,.T.);
#120=FACE_OUTER_BOUND('',#218,.T.);
#121=FACE_OUTER_BOUND('',#219,.T.);
#122=FACE_OUTER_BOUND('',#220,.T.);
#123=FACE_OUTER_BOUND('',#221,.T.);
#124=FACE_OUTER_BOUND('',#222,.T.);
#125=FACE_OUTER_BOUND('',#223,.T.);
#126=FACE_OUTER_BOUND('',#224,.T.);
#127=FACE_OUTER_BOUND('',#225,.T.);
#128=FACE_OUTER_BOUND('',#226,.T.);
#129=FACE_OUTER_BOUND('',#227,.T.);
#130=FACE_OUTER_BOUND('',#228,.T.);
#131=FACE_OUTER_BOUND('',#229,.T.);
#132=FACE_OUTER_BOUND('',#230,.T.);
#133=FACE_OUTER_BOUND('',#231,.T.);
#134=FACE_OUTER_BOUND('',#232,.T.);
#135=FACE_OUTER_BOUND('',#233,.T.);
#136=FACE_OUTER_BOUND('',#234,.T.);
#137=FACE_OUTER_BOUND('',#235,.T.);
#138=FACE_OUTER_BOUND('',#241,.T.);
#139=FACE_OUTER_BOUND('',#242,.T.);
#140=FACE_OUTER_BOUND('',#243,.T.);
#141=FACE_OUTER_BOUND('',#245,.T.);
#142=FACE_OUTER_BOUND('',#247,.T.);
#143=FACE_OUTER_BOUND('',#248,.T.);
#144=FACE_OUTER_BOUND('',#249,.T.);
#145=FACE_OUTER_BOUND('',#250,.T.);
#146=FACE_OUTER_BOUND('',#251,.T.);
#147=FACE_OUTER_BOUND('',#252,.T.);
#148=FACE_OUTER_BOUND('',#253,.T.);
#149=FACE_OUTER_BOUND('',#254,.T.);
#150=FACE_OUTER_BOUND('',#255,.T.);
#151=FACE_OUTER_BOUND('',#256,.T.);
#152=FACE_OUTER_BOUND('',#257,.T.);
#153=FACE_OUTER_BOUND('',#258,.T.);
#154=FACE_OUTER_BOUND('',#259,.T.);
#155=FACE_OUTER_BOUND('',#260,.T.);
#156=FACE_OUTER_BOUND('',#261,.T.);
#157=FACE_OUTER_BOUND('',#262,.T.);
#158=FACE_OUTER_BOUND('',#263,.T.);
#159=FACE_OUTER_BOUND('',#264,.T.);
#160=FACE_OUTER_BOUND('',#265,.T.);
#161=FACE_OUTER_BOUND('',#266,.T.);
#162=FACE_OUTER_BOUND('',#267,.T.);
#163=FACE_OUTER_BOUND('',#268,.T.);
#164=EDGE_LOOP('',(#1128,#1129,#1130,#1131,#1132,#1133,#1134,#1135,#1136,
#1137,#1138,#1139));
#165=EDGE_LOOP('',(#1140,#1141,#1142,#1143,#1144,#1145,#1146,#1147,#1148,
#1149,#1150,#1151));
#166=EDGE_LOOP('',(#1152,#1153,#1154,#1155));
#167=EDGE_LOOP('',(#1156,#1157,#1158,#1159));
#168=EDGE_LOOP('',(#1160,#1161,#1162,#1163));
#169=EDGE_LOOP('',(#1164,#1165,#1166,#1167));
#170=EDGE_LOOP('',(#1168,#1169,#1170,#1171));
#171=EDGE_LOOP('',(#1172,#1173,#1174,#1175));
#172=EDGE_LOOP('',(#1176,#1177,#1178,#1179));
#173=EDGE_LOOP('',(#1180,#1181,#1182,#1183));
#174=EDGE_LOOP('',(#1184,#1185,#1186,#1187));
#175=EDGE_LOOP('',(#1188,#1189,#1190,#1191));
#176=EDGE_LOOP('',(#1192,#1193,#1194,#1195));
#177=EDGE_LOOP('',(#1196,#1197,#1198,#1199));
#178=EDGE_LOOP('',(#1200,#1201,#1202,#1203,#1204,#1205,#1206,#1207));
#179=EDGE_LOOP('',(#1208,#1209,#1210,#1211));
#180=EDGE_LOOP('',(#1212,#1213,#1214,#1215,#1216,#1217,#1218,#1219,#1220,
#1221,#1222,#1223));
#181=EDGE_LOOP('',(#1224,#1225,#1226,#1227,#1228,#1229,#1230));
#182=EDGE_LOOP('',(#1231,#1232,#1233,#1234,#1235,#1236,#1237));
#183=EDGE_LOOP('',(#1238,#1239,#1240,#1241,#1242,#1243,#1244,#1245));
#184=EDGE_LOOP('',(#1246,#1247,#1248,#1249));
#185=EDGE_LOOP('',(#1250,#1251,#1252,#1253,#1254,#1255,#1256));
#186=EDGE_LOOP('',(#1257,#1258,#1259,#1260,#1261,#1262,#1263));
#187=EDGE_LOOP('',(#1264,#1265,#1266,#1267));
#188=EDGE_LOOP('',(#1268,#1269,#1270,#1271));
#189=EDGE_LOOP('',(#1272,#1273,#1274,#1275));
#190=EDGE_LOOP('',(#1276,#1277,#1278,#1279));
#191=EDGE_LOOP('',(#1280,#1281,#1282,#1283,#1284,#1285,#1286,#1287,#1288,
#1289,#1290,#1291,#1292,#1293,#1294,#1295,#1296,#1297,#1298,#1299,#1300,
#1301,#1302,#1303));
#192=EDGE_LOOP('',(#1304,#1305,#1306,#1307,#1308,#1309,#1310,#1311,#1312,
#1313,#1314,#1315,#1316,#1317,#1318,#1319));
#193=EDGE_LOOP('',(#1320,#1321,#1322,#1323));
#194=EDGE_LOOP('',(#1324,#1325,#1326,#1327));
#195=EDGE_LOOP('',(#1328,#1329,#1330,#1331));
#196=EDGE_LOOP('',(#1332,#1333,#1334,#1335));
#197=EDGE_LOOP('',(#1336,#1337,#1338,#1339));
#198=EDGE_LOOP('',(#1340,#1341,#1342,#1343));
#199=EDGE_LOOP('',(#1344,#1345,#1346,#1347));
#200=EDGE_LOOP('',(#1348,#1349,#1350,#1351));
#201=EDGE_LOOP('',(#1352,#1353,#1354,#1355));
#202=EDGE_LOOP('',(#1356,#1357,#1358,#1359));
#203=EDGE_LOOP('',(#1360,#1361,#1362,#1363));
#204=EDGE_LOOP('',(#1364,#1365,#1366,#1367));
#205=EDGE_LOOP('',(#1368,#1369,#1370,#1371));
#206=EDGE_LOOP('',(#1372,#1373,#1374,#1375));
#207=EDGE_LOOP('',(#1376,#1377,#1378,#1379));
#208=EDGE_LOOP('',(#1380,#1381,#1382,#1383));
#209=EDGE_LOOP('',(#1384,#1385,#1386,#1387));
#210=EDGE_LOOP('',(#1388,#1389,#1390,#1391));
#211=EDGE_LOOP('',(#1392,#1393,#1394,#1395));
#212=EDGE_LOOP('',(#1396,#1397,#1398,#1399));
#213=EDGE_LOOP('',(#1400,#1401,#1402,#1403));
#214=EDGE_LOOP('',(#1404,#1405,#1406,#1407));
#215=EDGE_LOOP('',(#1408,#1409,#1410,#1411));
#216=EDGE_LOOP('',(#1412,#1413,#1414,#1415));
#217=EDGE_LOOP('',(#1416,#1417,#1418,#1419));
#218=EDGE_LOOP('',(#1420,#1421,#1422,#1423));
#219=EDGE_LOOP('',(#1424,#1425,#1426,#1427));
#220=EDGE_LOOP('',(#1428,#1429,#1430,#1431));
#221=EDGE_LOOP('',(#1432,#1433,#1434,#1435));
#222=EDGE_LOOP('',(#1436,#1437,#1438,#1439));
#223=EDGE_LOOP('',(#1440,#1441,#1442,#1443,#1444,#1445,#1446,#1447,#1448,
#1449,#1450,#1451));
#224=EDGE_LOOP('',(#1452,#1453,#1454,#1455));
#225=EDGE_LOOP('',(#1456,#1457,#1458,#1459));
#226=EDGE_LOOP('',(#1460,#1461,#1462,#1463));
#227=EDGE_LOOP('',(#1464,#1465,#1466,#1467));
#228=EDGE_LOOP('',(#1468,#1469,#1470,#1471,#1472,#1473,#1474,#1475,#1476,
#1477,#1478,#1479));
#229=EDGE_LOOP('',(#1480,#1481,#1482,#1483));
#230=EDGE_LOOP('',(#1484,#1485,#1486,#1487));
#231=EDGE_LOOP('',(#1488,#1489,#1490,#1491));
#232=EDGE_LOOP('',(#1492,#1493,#1494,#1495));
#233=EDGE_LOOP('',(#1496,#1497,#1498,#1499));
#234=EDGE_LOOP('',(#1500,#1501,#1502,#1503));
#235=EDGE_LOOP('',(#1504,#1505,#1506,#1507,#1508,#1509,#1510,#1511,#1512,
#1513,#1514,#1515,#1516,#1517,#1518,#1519));
#236=EDGE_LOOP('',(#1520));
#237=EDGE_LOOP('',(#1521));
#238=EDGE_LOOP('',(#1522));
#239=EDGE_LOOP('',(#1523));
#240=EDGE_LOOP('',(#1524));
#241=EDGE_LOOP('',(#1525,#1526,#1527,#1528,#1529,#1530));
#242=EDGE_LOOP('',(#1531,#1532,#1533,#1534,#1535,#1536));
#243=EDGE_LOOP('',(#1537));
#244=EDGE_LOOP('',(#1538));
#245=EDGE_LOOP('',(#1539));
#246=EDGE_LOOP('',(#1540));
#247=EDGE_LOOP('',(#1541));
#248=EDGE_LOOP('',(#1542));
#249=EDGE_LOOP('',(#1543));
#250=EDGE_LOOP('',(#1544));
#251=EDGE_LOOP('',(#1545));
#252=EDGE_LOOP('',(#1546,#1547,#1548,#1549));
#253=EDGE_LOOP('',(#1550,#1551,#1552,#1553));
#254=EDGE_LOOP('',(#1554,#1555,#1556,#1557));
#255=EDGE_LOOP('',(#1558,#1559,#1560,#1561,#1562,#1563));
#256=EDGE_LOOP('',(#1564,#1565,#1566,#1567));
#257=EDGE_LOOP('',(#1568,#1569,#1570,#1571,#1572,#1573));
#258=EDGE_LOOP('',(#1574,#1575,#1576,#1577,#1578,#1579));
#259=EDGE_LOOP('',(#1580,#1581,#1582,#1583));
#260=EDGE_LOOP('',(#1584,#1585,#1586,#1587,#1588,#1589));
#261=EDGE_LOOP('',(#1590,#1591,#1592,#1593));
#262=EDGE_LOOP('',(#1594,#1595,#1596,#1597));
#263=EDGE_LOOP('',(#1598,#1599,#1600,#1601));
#264=EDGE_LOOP('',(#1602,#1603,#1604,#1605,#1606,#1607,#1608,#1609,#1610,
#1611,#1612,#1613));
#265=EDGE_LOOP('',(#1614,#1615,#1616,#1617));
#266=EDGE_LOOP('',(#1618,#1619,#1620,#1621));
#267=EDGE_LOOP('',(#1622,#1623,#1624,#1625));
#268=EDGE_LOOP('',(#1626,#1627,#1628,#1629));
#269=LINE('',#2480,#490);
#270=LINE('',#2482,#491);
#271=LINE('',#2484,#492);
#272=LINE('',#2486,#493);
#273=LINE('',#2488,#494);
#274=LINE('',#2490,#495);
#275=LINE('',#2492,#496);
#276=LINE('',#2494,#497);
#277=LINE('',#2496,#498);
#278=LINE('',#2498,#499);
#279=LINE('',#2500,#500);
#280=LINE('',#2501,#501);
#281=LINE('',#2504,#502);
#282=LINE('',#2506,#503);
#283=LINE('',#2508,#504);
#284=LINE('',#2509,#505);
#285=LINE('',#2511,#506);
#286=LINE('',#2513,#507);
#287=LINE('',#2515,#508);
#288=LINE('',#2517,#509);
#289=LINE('',#2519,#510);
#290=LINE('',#2520,#511);
#291=LINE('',#2524,#512);
#292=LINE('',#2526,#513);
#293=LINE('',#2528,#514);
#294=LINE('',#2529,#515);
#295=LINE('',#2531,#516);
#296=LINE('',#2533,#517);
#297=LINE('',#2534,#518);
#298=LINE('',#2537,#519);
#299=LINE('',#2538,#520);
#300=LINE('',#2541,#521);
#301=LINE('',#2543,#522);
#302=LINE('',#2544,#523);
#303=LINE('',#2547,#524);
#304=LINE('',#2548,#525);
#305=LINE('',#2553,#526);
#306=LINE('',#2559,#527);
#307=LINE('',#2565,#528);
#308=LINE('',#2571,#529);
#309=LINE('',#2577,#530);
#310=LINE('',#2583,#531);
#311=LINE('',#2589,#532);
#312=LINE('',#2594,#533);
#313=LINE('',#2596,#534);
#314=LINE('',#2598,#535);
#315=LINE('',#2600,#536);
#316=LINE('',#2602,#537);
#317=LINE('',#2604,#538);
#318=LINE('',#2606,#539);
#319=LINE('',#2607,#540);
#320=LINE('',#2610,#541);
#321=LINE('',#2611,#542);
#322=LINE('',#2612,#543);
#323=LINE('',#2614,#544);
#324=LINE('',#2616,#545);
#325=LINE('',#2618,#546);
#326=LINE('',#2620,#547);
#327=LINE('',#2622,#548);
#328=LINE('',#2624,#549);
#329=LINE('',#2626,#550);
#330=LINE('',#2628,#551);
#331=LINE('',#2630,#552);
#332=LINE('',#2631,#553);
#333=LINE('',#2633,#554);
#334=LINE('',#2635,#555);
#335=LINE('',#2637,#556);
#336=LINE('',#2639,#557);
#337=LINE('',#2640,#558);
#338=LINE('',#2642,#559);
#339=LINE('',#2644,#560);
#340=LINE('',#2646,#561);
#341=LINE('',#2647,#562);
#342=LINE('',#2651,#563);
#343=LINE('',#2653,#564);
#344=LINE('',#2655,#565);
#345=LINE('',#2657,#566);
#346=LINE('',#2659,#567);
#347=LINE('',#2661,#568);
#348=LINE('',#2663,#569);
#349=LINE('',#2664,#570);
#350=LINE('',#2666,#571);
#351=LINE('',#2667,#572);
#352=LINE('',#2669,#573);
#353=LINE('',#2671,#574);
#354=LINE('',#2673,#575);
#355=LINE('',#2675,#576);
#356=LINE('',#2676,#577);
#357=LINE('',#2678,#578);
#358=LINE('',#2680,#579);
#359=LINE('',#2682,#580);
#360=LINE('',#2683,#581);
#361=LINE('',#2688,#582);
#362=LINE('',#2690,#583);
#363=LINE('',#2692,#584);
#364=LINE('',#2693,#585);
#365=LINE('',#2696,#586);
#366=LINE('',#2698,#587);
#367=LINE('',#2699,#588);
#368=LINE('',#2703,#589);
#369=LINE('',#2705,#590);
#370=LINE('',#2707,#591);
#371=LINE('',#2708,#592);
#372=LINE('',#2711,#593);
#373=LINE('',#2713,#594);
#374=LINE('',#2715,#595);
#375=LINE('',#2719,#596);
#376=LINE('',#2723,#597);
#377=LINE('',#2724,#598);
#378=LINE('',#2726,#599);
#379=LINE('',#2728,#600);
#380=LINE('',#2729,#601);
#381=LINE('',#2731,#602);
#382=LINE('',#2733,#603);
#383=LINE('',#2737,#604);
#384=LINE('',#2741,#605);
#385=LINE('',#2742,#606);
#386=LINE('',#2744,#607);
#387=LINE('',#2745,#608);
#388=LINE('',#2748,#609);
#389=LINE('',#2752,#610);
#390=LINE('',#2756,#611);
#391=LINE('',#2758,#612);
#392=LINE('',#2760,#613);
#393=LINE('',#2762,#614);
#394=LINE('',#2764,#615);
#395=LINE('',#2768,#616);
#396=LINE('',#2772,#617);
#397=LINE('',#2774,#618);
#398=LINE('',#2776,#619);
#399=LINE('',#2777,#620);
#400=LINE('',#2779,#621);
#401=LINE('',#2780,#622);
#402=LINE('',#2782,#623);
#403=LINE('',#2784,#624);
#404=LINE('',#2787,#625);
#405=LINE('',#2789,#626);
#406=LINE('',#2790,#627);
#407=LINE('',#2794,#628);
#408=LINE('',#2796,#629);
#409=LINE('',#2798,#630);
#410=LINE('',#2799,#631);
#411=LINE('',#2801,#632);
#412=LINE('',#2803,#633);
#413=LINE('',#2806,#634);
#414=LINE('',#2808,#635);
#415=LINE('',#2809,#636);
#416=LINE('',#2812,#637);
#417=LINE('',#2814,#638);
#418=LINE('',#2815,#639);
#419=LINE('',#2818,#640);
#420=LINE('',#2819,#641);
#421=LINE('',#2821,#642);
#422=LINE('',#2826,#643);
#423=LINE('',#2827,#644);
#424=LINE('',#2828,#645);
#425=LINE('',#2832,#646);
#426=LINE('',#2835,#647);
#427=LINE('',#2836,#648);
#428=LINE('',#2840,#649);
#429=LINE('',#2843,#650);
#430=LINE('',#2844,#651);
#431=LINE('',#2847,#652);
#432=LINE('',#2848,#653);
#433=LINE('',#2851,#654);
#434=LINE('',#2852,#655);
#435=LINE('',#2855,#656);
#436=LINE('',#2856,#657);
#437=LINE('',#2859,#658);
#438=LINE('',#2860,#659);
#439=LINE('',#2864,#660);
#440=LINE('',#2867,#661);
#441=LINE('',#2868,#662);
#442=LINE('',#2872,#663);
#443=LINE('',#2875,#664);
#444=LINE('',#2876,#665);
#445=LINE('',#2879,#666);
#446=LINE('',#2880,#667);
#447=LINE('',#2883,#668);
#448=LINE('',#2884,#669);
#449=LINE('',#2890,#670);
#450=LINE('',#2891,#671);
#451=LINE('',#2894,#672);
#452=LINE('',#2895,#673);
#453=LINE('',#2898,#674);
#454=LINE('',#2899,#675);
#455=LINE('',#2901,#676);
#456=LINE('',#2902,#677);
#457=LINE('',#2904,#678);
#458=LINE('',#2905,#679);
#459=LINE('',#2908,#680);
#460=LINE('',#2909,#681);
#461=LINE('',#2913,#682);
#462=LINE('',#2918,#683);
#463=LINE('',#2919,#684);
#464=LINE('',#2922,#685);
#465=LINE('',#2923,#686);
#466=LINE('',#2926,#687);
#467=LINE('',#2927,#688);
#468=LINE('',#2928,#689);
#469=LINE('',#2929,#690);
#470=LINE('',#2932,#691);
#471=LINE('',#2933,#692);
#472=LINE('',#2937,#693);
#473=LINE('',#2940,#694);
#474=LINE('',#2942,#695);
#475=LINE('',#2944,#696);
#476=LINE('',#2956,#697);
#477=LINE('',#2958,#698);
#478=LINE('',#2961,#699);
#479=LINE('',#2963,#700);
#480=LINE('',#2967,#701);
#481=LINE('',#2968,#702);
#482=LINE('',#2971,#703);
#483=LINE('',#2972,#704);
#484=LINE('',#2974,#705);
#485=LINE('',#2977,#706);
#486=LINE('',#2978,#707);
#487=LINE('',#2981,#708);
#488=LINE('',#2982,#709);
#489=LINE('',#2984,#710);
#490=VECTOR('',#2005,10000.);
#491=VECTOR('',#2006,10000.);
#492=VECTOR('',#2007,10.);
#493=VECTOR('',#2008,10000.);
#494=VECTOR('',#2009,10000.);
#495=VECTOR('',#2010,10000.);
#496=VECTOR('',#2011,10.);
#497=VECTOR('',#2012,10000.);
#498=VECTOR('',#2013,10000.);
#499=VECTOR('',#2014,10000.);
#500=VECTOR('',#2015,10000.);
#501=VECTOR('',#2016,10000.);
#502=VECTOR('',#2019,10000.);
#503=VECTOR('',#2020,10.);
#504=VECTOR('',#2021,10000.);
#505=VECTOR('',#2022,10000.);
#506=VECTOR('',#2023,10000.);
#507=VECTOR('',#2024,10000.);
#508=VECTOR('',#2025,10000.);
#509=VECTOR('',#2026,10.);
#510=VECTOR('',#2027,10000.);
#511=VECTOR('',#2028,10000.);
#512=VECTOR('',#2031,10.);
#513=VECTOR('',#2032,10.);
#514=VECTOR('',#2033,10.);
#515=VECTOR('',#2034,10.);
#516=VECTOR('',#2035,10.);
#517=VECTOR('',#2036,10.);
#518=VECTOR('',#2037,10.);
#519=VECTOR('',#2040,10000.);
#520=VECTOR('',#2041,10000.);
#521=VECTOR('',#2044,10000.);
#522=VECTOR('',#2045,10000.);
#523=VECTOR('',#2046,10000.);
#524=VECTOR('',#2049,10000.);
#525=VECTOR('',#2050,10000.);
#526=VECTOR('',#2055,10.);
#527=VECTOR('',#2062,10.);
#528=VECTOR('',#2069,10.);
#529=VECTOR('',#2076,10.);
#530=VECTOR('',#2083,10.);
#531=VECTOR('',#2090,295.);
#532=VECTOR('',#2097,300.);
#533=VECTOR('',#2102,10000.);
#534=VECTOR('',#2103,10000.);
#535=VECTOR('',#2104,10000.);
#536=VECTOR('',#2105,10000.);
#537=VECTOR('',#2106,10000.);
#538=VECTOR('',#2107,10000.);
#539=VECTOR('',#2108,10000.);
#540=VECTOR('',#2109,10000.);
#541=VECTOR('',#2112,10000.);
#542=VECTOR('',#2113,10000.);
#543=VECTOR('',#2114,10000.);
#544=VECTOR('',#2117,10000.);
#545=VECTOR('',#2118,10000.);
#546=VECTOR('',#2119,10000.);
#547=VECTOR('',#2120,10000.);
#548=VECTOR('',#2121,10000.);
#549=VECTOR('',#2122,10000.);
#550=VECTOR('',#2123,10000.);
#551=VECTOR('',#2124,10000.);
#552=VECTOR('',#2125,10000.);
#553=VECTOR('',#2126,10000.);
#554=VECTOR('',#2129,10000.);
#555=VECTOR('',#2130,10000.);
#556=VECTOR('',#2131,10000.);
#557=VECTOR('',#2132,10000.);
#558=VECTOR('',#2133,10000.);
#559=VECTOR('',#2136,10000.);
#560=VECTOR('',#2137,10000.);
#561=VECTOR('',#2138,10000.);
#562=VECTOR('',#2139,10000.);
#563=VECTOR('',#2142,10000.);
#564=VECTOR('',#2143,10000.);
#565=VECTOR('',#2144,10000.);
#566=VECTOR('',#2145,10000.);
#567=VECTOR('',#2146,10000.);
#568=VECTOR('',#2147,10000.);
#569=VECTOR('',#2148,10000.);
#570=VECTOR('',#2149,10000.);
#571=VECTOR('',#2152,10000.);
#572=VECTOR('',#2153,10000.);
#573=VECTOR('',#2156,10000.);
#574=VECTOR('',#2157,10000.);
#575=VECTOR('',#2158,10000.);
#576=VECTOR('',#2159,10000.);
#577=VECTOR('',#2160,10000.);
#578=VECTOR('',#2163,10000.);
#579=VECTOR('',#2164,10000.);
#580=VECTOR('',#2165,10000.);
#581=VECTOR('',#2166,10000.);
#582=VECTOR('',#2171,10000.);
#583=VECTOR('',#2172,10000.);
#584=VECTOR('',#2173,10000.);
#585=VECTOR('',#2174,10000.);
#586=VECTOR('',#2177,10000.);
#587=VECTOR('',#2178,10000.);
#588=VECTOR('',#2179,10000.);
#589=VECTOR('',#2182,10000.);
#590=VECTOR('',#2183,10000.);
#591=VECTOR('',#2184,10000.);
#592=VECTOR('',#2185,10000.);
#593=VECTOR('',#2188,10000.);
#594=VECTOR('',#2189,10000.);
#595=VECTOR('',#2190,10000.);
#596=VECTOR('',#2193,10000.);
#597=VECTOR('',#2196,10000.);
#598=VECTOR('',#2197,10000.);
#599=VECTOR('',#2198,10000.);
#600=VECTOR('',#2199,10000.);
#601=VECTOR('',#2200,10000.);
#602=VECTOR('',#2201,10000.);
#603=VECTOR('',#2202,10000.);
#604=VECTOR('',#2205,10000.);
#605=VECTOR('',#2208,10000.);
#606=VECTOR('',#2209,10000.);
#607=VECTOR('',#2210,10000.);
#608=VECTOR('',#2211,10000.);
#609=VECTOR('',#2212,10000.);
#610=VECTOR('',#2215,10000.);
#611=VECTOR('',#2218,10000.);
#612=VECTOR('',#2219,10000.);
#613=VECTOR('',#2220,10000.);
#614=VECTOR('',#2221,10000.);
#615=VECTOR('',#2222,10000.);
#616=VECTOR('',#2225,10000.);
#617=VECTOR('',#2228,10000.);
#618=VECTOR('',#2229,10000.);
#619=VECTOR('',#2230,10000.);
#620=VECTOR('',#2231,10000.);
#621=VECTOR('',#2234,10000.);
#622=VECTOR('',#2235,10000.);
#623=VECTOR('',#2238,10000.);
#624=VECTOR('',#2241,10000.);
#625=VECTOR('',#2244,10000.);
#626=VECTOR('',#2245,10000.);
#627=VECTOR('',#2246,10000.);
#628=VECTOR('',#2249,10000.);
#629=VECTOR('',#2250,10000.);
#630=VECTOR('',#2251,10000.);
#631=VECTOR('',#2252,10000.);
#632=VECTOR('',#2255,10000.);
#633=VECTOR('',#2258,10000.);
#634=VECTOR('',#2261,10000.);
#635=VECTOR('',#2262,10000.);
#636=VECTOR('',#2263,10000.);
#637=VECTOR('',#2266,10000.);
#638=VECTOR('',#2267,10000.);
#639=VECTOR('',#2268,10000.);
#640=VECTOR('',#2271,10000.);
#641=VECTOR('',#2272,10000.);
#642=VECTOR('',#2275,10000.);
#643=VECTOR('',#2280,10000.);
#644=VECTOR('',#2281,10000.);
#645=VECTOR('',#2282,10000.);
#646=VECTOR('',#2287,10000.);
#647=VECTOR('',#2290,10000.);
#648=VECTOR('',#2291,10000.);
#649=VECTOR('',#2296,10000.);
#650=VECTOR('',#2299,10000.);
#651=VECTOR('',#2300,10000.);
#652=VECTOR('',#2303,10000.);
#653=VECTOR('',#2304,10000.);
#654=VECTOR('',#2307,10000.);
#655=VECTOR('',#2308,10000.);
#656=VECTOR('',#2311,10000.);
#657=VECTOR('',#2312,10000.);
#658=VECTOR('',#2315,10000.);
#659=VECTOR('',#2316,10000.);
#660=VECTOR('',#2321,10000.);
#661=VECTOR('',#2324,10000.);
#662=VECTOR('',#2325,10000.);
#663=VECTOR('',#2330,10000.);
#664=VECTOR('',#2333,10000.);
#665=VECTOR('',#2334,10000.);
#666=VECTOR('',#2337,10000.);
#667=VECTOR('',#2338,10000.);
#668=VECTOR('',#2341,10000.);
#669=VECTOR('',#2342,10000.);
#670=VECTOR('',#2349,10000.);
#671=VECTOR('',#2350,10000.);
#672=VECTOR('',#2353,10000.);
#673=VECTOR('',#2354,10000.);
#674=VECTOR('',#2357,10000.);
#675=VECTOR('',#2358,10000.);
#676=VECTOR('',#2359,10000.);
#677=VECTOR('',#2360,10000.);
#678=VECTOR('',#2361,10000.);
#679=VECTOR('',#2362,10000.);
#680=VECTOR('',#2365,10000.);
#681=VECTOR('',#2366,10000.);
#682=VECTOR('',#2371,10000.);
#683=VECTOR('',#2376,10000.);
#684=VECTOR('',#2377,10000.);
#685=VECTOR('',#2380,10000.);
#686=VECTOR('',#2381,10000.);
#687=VECTOR('',#2384,10000.);
#688=VECTOR('',#2385,10000.);
#689=VECTOR('',#2386,10000.);
#690=VECTOR('',#2387,10000.);
#691=VECTOR('',#2390,10000.);
#692=VECTOR('',#2391,10000.);
#693=VECTOR('',#2396,10000.);
#694=VECTOR('',#2401,10000.);
#695=VECTOR('',#2404,10000.);
#696=VECTOR('',#2407,10000.);
#697=VECTOR('',#2430,10000.);
#698=VECTOR('',#2433,10000.);
#699=VECTOR('',#2438,10000.);
#700=VECTOR('',#2441,10000.);
#701=VECTOR('',#2446,10000.);
#702=VECTOR('',#2447,10000.);
#703=VECTOR('',#2450,10000.);
#704=VECTOR('',#2451,10000.);
#705=VECTOR('',#2454,10000.);
#706=VECTOR('',#2457,10000.);
#707=VECTOR('',#2458,10000.);
#708=VECTOR('',#2461,10000.);
#709=VECTOR('',#2462,10000.);
#710=VECTOR('',#2465,10000.);
#711=VERTEX_POINT('',#2478);
#712=VERTEX_POINT('',#2479);
#713=VERTEX_POINT('',#2481);
#714=VERTEX_POINT('',#2483);
#715=VERTEX_POINT('',#2485);
#716=VERTEX_POINT('',#2487);
#717=VERTEX_POINT('',#2489);
#718=VERTEX_POINT('',#2491);
#719=VERTEX_POINT('',#2493);
#720=VERTEX_POINT('',#2495);
#721=VERTEX_POINT('',#2497);
#722=VERTEX_POINT('',#2499);
#723=VERTEX_POINT('',#2503);
#724=VERTEX_POINT('',#2505);
#725=VERTEX_POINT('',#2507);
#726=VERTEX_POINT('',#2510);
#727=VERTEX_POINT('',#2512);
#728=VERTEX_POINT('',#2514);
#729=VERTEX_POINT('',#2516);
#730=VERTEX_POINT('',#2518);
#731=VERTEX_POINT('',#2522);
#732=VERTEX_POINT('',#2523);
#733=VERTEX_POINT('',#2525);
#734=VERTEX_POINT('',#2527);
#735=VERTEX_POINT('',#2530);
#736=VERTEX_POINT('',#2532);
#737=VERTEX_POINT('',#2536);
#738=VERTEX_POINT('',#2540);
#739=VERTEX_POINT('',#2542);
#740=VERTEX_POINT('',#2546);
#741=VERTEX_POINT('',#2550);
#742=VERTEX_POINT('',#2552);
#743=VERTEX_POINT('',#2556);
#744=VERTEX_POINT('',#2558);
#745=VERTEX_POINT('',#2562);
#746=VERTEX_POINT('',#2564);
#747=VERTEX_POINT('',#2568);
#748=VERTEX_POINT('',#2570);
#749=VERTEX_POINT('',#2574);
#750=VERTEX_POINT('',#2576);
#751=VERTEX_POINT('',#2580);
#752=VERTEX_POINT('',#2582);
#753=VERTEX_POINT('',#2586);
#754=VERTEX_POINT('',#2588);
#755=VERTEX_POINT('',#2592);
#756=VERTEX_POINT('',#2593);
#757=VERTEX_POINT('',#2595);
#758=VERTEX_POINT('',#2597);
#759=VERTEX_POINT('',#2599);
#760=VERTEX_POINT('',#2601);
#761=VERTEX_POINT('',#2603);
#762=VERTEX_POINT('',#2605);
#763=VERTEX_POINT('',#2609);
#764=VERTEX_POINT('',#2615);
#765=VERTEX_POINT('',#2617);
#766=VERTEX_POINT('',#2619);
#767=VERTEX_POINT('',#2621);
#768=VERTEX_POINT('',#2623);
#769=VERTEX_POINT('',#2625);
#770=VERTEX_POINT('',#2627);
#771=VERTEX_POINT('',#2629);
#772=VERTEX_POINT('',#2634);
#773=VERTEX_POINT('',#2636);
#774=VERTEX_POINT('',#2638);
#775=VERTEX_POINT('',#2643);
#776=VERTEX_POINT('',#2645);
#777=VERTEX_POINT('',#2649);
#778=VERTEX_POINT('',#2650);
#779=VERTEX_POINT('',#2652);
#780=VERTEX_POINT('',#2654);
#781=VERTEX_POINT('',#2656);
#782=VERTEX_POINT('',#2658);
#783=VERTEX_POINT('',#2660);
#784=VERTEX_POINT('',#2662);
#785=VERTEX_POINT('',#2670);
#786=VERTEX_POINT('',#2672);
#787=VERTEX_POINT('',#2674);
#788=VERTEX_POINT('',#2679);
#789=VERTEX_POINT('',#2681);
#790=VERTEX_POINT('',#2686);
#791=VERTEX_POINT('',#2687);
#792=VERTEX_POINT('',#2689);
#793=VERTEX_POINT('',#2691);
#794=VERTEX_POINT('',#2695);
#795=VERTEX_POINT('',#2697);
#796=VERTEX_POINT('',#2701);
#797=VERTEX_POINT('',#2702);
#798=VERTEX_POINT('',#2704);
#799=VERTEX_POINT('',#2706);
#800=VERTEX_POINT('',#2710);
#801=VERTEX_POINT('',#2712);
#802=VERTEX_POINT('',#2714);
#803=VERTEX_POINT('',#2716);
#804=VERTEX_POINT('',#2718);
#805=VERTEX_POINT('',#2720);
#806=VERTEX_POINT('',#2722);
#807=VERTEX_POINT('',#2725);
#808=VERTEX_POINT('',#2727);
#809=VERTEX_POINT('',#2730);
#810=VERTEX_POINT('',#2732);
#811=VERTEX_POINT('',#2734);
#812=VERTEX_POINT('',#2736);
#813=VERTEX_POINT('',#2738);
#814=VERTEX_POINT('',#2740);
#815=VERTEX_POINT('',#2743);
#816=VERTEX_POINT('',#2746);
#817=VERTEX_POINT('',#2747);
#818=VERTEX_POINT('',#2749);
#819=VERTEX_POINT('',#2751);
#820=VERTEX_POINT('',#2753);
#821=VERTEX_POINT('',#2755);
#822=VERTEX_POINT('',#2757);
#823=VERTEX_POINT('',#2759);
#824=VERTEX_POINT('',#2761);
#825=VERTEX_POINT('',#2763);
#826=VERTEX_POINT('',#2765);
#827=VERTEX_POINT('',#2767);
#828=VERTEX_POINT('',#2769);
#829=VERTEX_POINT('',#2771);
#830=VERTEX_POINT('',#2773);
#831=VERTEX_POINT('',#2775);
#832=VERTEX_POINT('',#2786);
#833=VERTEX_POINT('',#2788);
#834=VERTEX_POINT('',#2792);
#835=VERTEX_POINT('',#2793);
#836=VERTEX_POINT('',#2795);
#837=VERTEX_POINT('',#2797);
#838=VERTEX_POINT('',#2805);
#839=VERTEX_POINT('',#2807);
#840=VERTEX_POINT('',#2811);
#841=VERTEX_POINT('',#2813);
#842=VERTEX_POINT('',#2817);
#843=VERTEX_POINT('',#2824);
#844=VERTEX_POINT('',#2825);
#845=VERTEX_POINT('',#2830);
#846=VERTEX_POINT('',#2834);
#847=VERTEX_POINT('',#2838);
#848=VERTEX_POINT('',#2842);
#849=VERTEX_POINT('',#2846);
#850=VERTEX_POINT('',#2850);
#851=VERTEX_POINT('',#2854);
#852=VERTEX_POINT('',#2858);
#853=VERTEX_POINT('',#2862);
#854=VERTEX_POINT('',#2866);
#855=VERTEX_POINT('',#2870);
#856=VERTEX_POINT('',#2874);
#857=VERTEX_POINT('',#2878);
#858=VERTEX_POINT('',#2882);
#859=VERTEX_POINT('',#2887);
#860=VERTEX_POINT('',#2888);
#861=VERTEX_POINT('',#2893);
#862=VERTEX_POINT('',#2897);
#863=VERTEX_POINT('',#2900);
#864=VERTEX_POINT('',#2903);
#865=VERTEX_POINT('',#2907);
#866=VERTEX_POINT('',#2911);
#867=VERTEX_POINT('',#2915);
#868=VERTEX_POINT('',#2916);
#869=VERTEX_POINT('',#2921);
#870=VERTEX_POINT('',#2925);
#871=VERTEX_POINT('',#2931);
#872=VERTEX_POINT('',#2935);
#873=VERTEX_POINT('',#2966);
#874=VERTEX_POINT('',#2970);
#875=VERTEX_POINT('',#2976);
#876=VERTEX_POINT('',#2980);
#877=EDGE_CURVE('',#711,#712,#269,.T.);
#878=EDGE_CURVE('',#712,#713,#270,.T.);
#879=EDGE_CURVE('',#714,#713,#271,.T.);
#880=EDGE_CURVE('',#714,#715,#272,.T.);
#881=EDGE_CURVE('',#715,#716,#273,.T.);
#882=EDGE_CURVE('',#716,#717,#274,.T.);
#883=EDGE_CURVE('',#718,#717,#275,.T.);
#884=EDGE_CURVE('',#718,#719,#276,.T.);
#885=EDGE_CURVE('',#719,#720,#277,.T.);
#886=EDGE_CURVE('',#720,#721,#278,.T.);
#887=EDGE_CURVE('',#721,#722,#279,.T.);
#888=EDGE_CURVE('',#722,#711,#280,.T.);
#889=EDGE_CURVE('',#718,#723,#281,.T.);
#890=EDGE_CURVE('',#717,#724,#282,.T.);
#891=EDGE_CURVE('',#725,#724,#283,.T.);
#892=EDGE_CURVE('',#714,#725,#284,.T.);
#893=EDGE_CURVE('',#713,#726,#285,.T.);
#894=EDGE_CURVE('',#726,#727,#286,.T.);
#895=EDGE_CURVE('',#728,#727,#287,.T.);
#896=EDGE_CURVE('',#728,#729,#288,.T.);
#897=EDGE_CURVE('',#729,#730,#289,.T.);
#898=EDGE_CURVE('',#723,#730,#290,.T.);
#899=EDGE_CURVE('',#731,#732,#291,.T.);
#900=EDGE_CURVE('',#733,#731,#292,.T.);
#901=EDGE_CURVE('',#734,#733,#293,.T.);
#902=EDGE_CURVE('',#732,#734,#294,.T.);
#903=EDGE_CURVE('',#729,#735,#295,.T.);
#904=EDGE_CURVE('',#736,#728,#296,.T.);
#905=EDGE_CURVE('',#735,#736,#297,.T.);
#906=EDGE_CURVE('',#735,#737,#298,.T.);
#907=EDGE_CURVE('',#737,#730,#299,.T.);
#908=EDGE_CURVE('',#733,#738,#300,.T.);
#909=EDGE_CURVE('',#738,#739,#301,.T.);
#910=EDGE_CURVE('',#734,#739,#302,.T.);
#911=EDGE_CURVE('',#731,#740,#303,.T.);
#912=EDGE_CURVE('',#740,#738,#304,.T.);
#913=EDGE_CURVE('',#741,#741,#14,.T.);
#914=EDGE_CURVE('',#741,#742,#305,.T.);
#915=EDGE_CURVE('',#742,#742,#15,.T.);
#916=EDGE_CURVE('',#743,#743,#16,.T.);
#917=EDGE_CURVE('',#743,#744,#306,.T.);
#918=EDGE_CURVE('',#744,#744,#17,.T.);
#919=EDGE_CURVE('',#745,#745,#18,.T.);
#920=EDGE_CURVE('',#745,#746,#307,.T.);
#921=EDGE_CURVE('',#746,#746,#19,.T.);
#922=EDGE_CURVE('',#747,#747,#20,.T.);
#923=EDGE_CURVE('',#747,#748,#308,.T.);
#924=EDGE_CURVE('',#748,#748,#21,.T.);
#925=EDGE_CURVE('',#749,#749,#22,.T.);
#926=EDGE_CURVE('',#749,#750,#309,.T.);
#927=EDGE_CURVE('',#750,#750,#23,.T.);
#928=EDGE_CURVE('',#751,#751,#24,.T.);
#929=EDGE_CURVE('',#751,#752,#310,.T.);
#930=EDGE_CURVE('',#752,#752,#25,.T.);
#931=EDGE_CURVE('',#753,#753,#26,.T.);
#932=EDGE_CURVE('',#753,#754,#311,.T.);
#933=EDGE_CURVE('',#754,#754,#27,.T.);
#934=EDGE_CURVE('',#755,#756,#312,.T.);
#935=EDGE_CURVE('',#756,#757,#313,.T.);
#936=EDGE_CURVE('',#758,#757,#314,.T.);
#937=EDGE_CURVE('',#759,#758,#315,.T.);
#938=EDGE_CURVE('',#759,#760,#316,.T.);
#939=EDGE_CURVE('',#760,#761,#317,.T.);
#940=EDGE_CURVE('',#761,#762,#318,.T.);
#941=EDGE_CURVE('',#755,#762,#319,.T.);
#942=EDGE_CURVE('',#763,#756,#320,.T.);
#943=EDGE_CURVE('',#763,#727,#321,.T.);
#944=EDGE_CURVE('',#757,#727,#322,.T.);
#945=EDGE_CURVE('',#736,#763,#323,.T.);
#946=EDGE_CURVE('',#764,#763,#324,.T.);
#947=EDGE_CURVE('',#765,#764,#325,.T.);
#948=EDGE_CURVE('',#766,#765,#326,.T.);
#949=EDGE_CURVE('',#766,#767,#327,.T.);
#950=EDGE_CURVE('',#768,#767,#328,.T.);
#951=EDGE_CURVE('',#769,#768,#329,.T.);
#952=EDGE_CURVE('',#770,#769,#330,.T.);
#953=EDGE_CURVE('',#770,#771,#331,.T.);
#954=EDGE_CURVE('',#771,#737,#332,.T.);
#955=EDGE_CURVE('',#764,#755,#333,.T.);
#956=EDGE_CURVE('',#772,#762,#334,.T.);
#957=EDGE_CURVE('',#773,#772,#335,.T.);
#958=EDGE_CURVE('',#774,#773,#336,.T.);
#959=EDGE_CURVE('',#765,#774,#337,.T.);
#960=EDGE_CURVE('',#758,#726,#338,.T.);
#961=EDGE_CURVE('',#712,#775,#339,.T.);
#962=EDGE_CURVE('',#776,#775,#340,.T.);
#963=EDGE_CURVE('',#759,#776,#341,.T.);
#964=EDGE_CURVE('',#777,#778,#342,.T.);
#965=EDGE_CURVE('',#779,#777,#343,.T.);
#966=EDGE_CURVE('',#779,#780,#344,.T.);
#967=EDGE_CURVE('',#780,#781,#345,.T.);
#968=EDGE_CURVE('',#781,#782,#346,.T.);
#969=EDGE_CURVE('',#783,#782,#347,.T.);
#970=EDGE_CURVE('',#783,#784,#348,.T.);
#971=EDGE_CURVE('',#778,#784,#349,.T.);
#972=EDGE_CURVE('',#778,#737,#350,.T.);
#973=EDGE_CURVE('',#730,#784,#351,.T.);
#974=EDGE_CURVE('',#777,#771,#352,.T.);
#975=EDGE_CURVE('',#785,#770,#353,.T.);
#976=EDGE_CURVE('',#785,#786,#354,.T.);
#977=EDGE_CURVE('',#787,#786,#355,.T.);
#978=EDGE_CURVE('',#779,#787,#356,.T.);
#979=EDGE_CURVE('',#723,#783,#357,.T.);
#980=EDGE_CURVE('',#788,#782,#358,.T.);
#981=EDGE_CURVE('',#789,#788,#359,.T.);
#982=EDGE_CURVE('',#719,#789,#360,.T.);
#983=EDGE_CURVE('',#790,#791,#361,.T.);
#984=EDGE_CURVE('',#790,#792,#362,.T.);
#985=EDGE_CURVE('',#793,#792,#363,.T.);
#986=EDGE_CURVE('',#791,#793,#364,.T.);
#987=EDGE_CURVE('',#768,#794,#365,.T.);
#988=EDGE_CURVE('',#795,#767,#366,.T.);
#989=EDGE_CURVE('',#794,#795,#367,.T.);
#990=EDGE_CURVE('',#796,#797,#368,.T.);
#991=EDGE_CURVE('',#796,#798,#369,.T.);
#992=EDGE_CURVE('',#798,#799,#370,.T.);
#993=EDGE_CURVE('',#799,#797,#371,.T.);
#994=EDGE_CURVE('',#787,#800,#372,.T.);
#995=EDGE_CURVE('',#786,#801,#373,.T.);
#996=EDGE_CURVE('',#802,#801,#374,.T.);
#997=EDGE_CURVE('',#802,#803,#28,.T.);
#998=EDGE_CURVE('',#804,#803,#375,.T.);
#999=EDGE_CURVE('',#805,#804,#29,.T.);
#1000=EDGE_CURVE('',#805,#806,#376,.T.);
#1001=EDGE_CURVE('',#806,#773,#377,.T.);
#1002=EDGE_CURVE('',#807,#772,#378,.T.);
#1003=EDGE_CURVE('',#808,#807,#379,.T.);
#1004=EDGE_CURVE('',#776,#808,#380,.T.);
#1005=EDGE_CURVE('',#775,#809,#381,.T.);
#1006=EDGE_CURVE('',#810,#809,#382,.T.);
#1007=EDGE_CURVE('',#810,#811,#30,.T.);
#1008=EDGE_CURVE('',#812,#811,#383,.T.);
#1009=EDGE_CURVE('',#813,#812,#31,.T.);
#1010=EDGE_CURVE('',#813,#814,#384,.T.);
#1011=EDGE_CURVE('',#814,#789,#385,.T.);
#1012=EDGE_CURVE('',#815,#788,#386,.T.);
#1013=EDGE_CURVE('',#800,#815,#387,.T.);
#1014=EDGE_CURVE('',#816,#817,#388,.T.);
#1015=EDGE_CURVE('',#816,#818,#32,.T.);
#1016=EDGE_CURVE('',#819,#818,#389,.T.);
#1017=EDGE_CURVE('',#820,#819,#33,.T.);
#1018=EDGE_CURVE('',#820,#821,#390,.T.);
#1019=EDGE_CURVE('',#821,#822,#391,.T.);
#1020=EDGE_CURVE('',#822,#823,#392,.T.);
#1021=EDGE_CURVE('',#823,#824,#393,.T.);
#1022=EDGE_CURVE('',#825,#824,#394,.T.);
#1023=EDGE_CURVE('',#825,#826,#34,.T.);
#1024=EDGE_CURVE('',#827,#826,#395,.T.);
#1025=EDGE_CURVE('',#828,#827,#35,.T.);
#1026=EDGE_CURVE('',#828,#829,#396,.T.);
#1027=EDGE_CURVE('',#829,#830,#397,.T.);
#1028=EDGE_CURVE('',#830,#831,#398,.T.);
#1029=EDGE_CURVE('',#831,#817,#399,.T.);
#1030=EDGE_CURVE('',#790,#796,#400,.T.);
#1031=EDGE_CURVE('',#797,#792,#401,.T.);
#1032=EDGE_CURVE('',#800,#780,#402,.T.);
#1033=EDGE_CURVE('',#807,#761,#403,.T.);
#1034=EDGE_CURVE('',#725,#832,#404,.T.);
#1035=EDGE_CURVE('',#833,#724,#405,.T.);
#1036=EDGE_CURVE('',#832,#833,#406,.T.);
#1037=EDGE_CURVE('',#834,#835,#407,.T.);
#1038=EDGE_CURVE('',#834,#836,#408,.T.);
#1039=EDGE_CURVE('',#837,#836,#409,.T.);
#1040=EDGE_CURVE('',#835,#837,#410,.T.);
#1041=EDGE_CURVE('',#808,#760,#411,.T.);
#1042=EDGE_CURVE('',#815,#781,#412,.T.);
#1043=EDGE_CURVE('',#834,#838,#413,.T.);
#1044=EDGE_CURVE('',#838,#839,#414,.T.);
#1045=EDGE_CURVE('',#839,#836,#415,.T.);
#1046=EDGE_CURVE('',#838,#840,#416,.T.);
#1047=EDGE_CURVE('',#840,#841,#417,.T.);
#1048=EDGE_CURVE('',#841,#839,#418,.T.);
#1049=EDGE_CURVE('',#842,#740,#419,.T.);
#1050=EDGE_CURVE('',#739,#842,#420,.T.);
#1051=EDGE_CURVE('',#732,#842,#421,.T.);
#1052=EDGE_CURVE('',#843,#844,#422,.T.);
#1053=EDGE_CURVE('',#816,#843,#423,.T.);
#1054=EDGE_CURVE('',#817,#844,#424,.T.);
#1055=EDGE_CURVE('',#843,#845,#36,.T.);
#1056=EDGE_CURVE('',#818,#845,#425,.T.);
#1057=EDGE_CURVE('',#846,#845,#426,.T.);
#1058=EDGE_CURVE('',#819,#846,#427,.T.);
#1059=EDGE_CURVE('',#847,#846,#37,.T.);
#1060=EDGE_CURVE('',#820,#847,#428,.T.);
#1061=EDGE_CURVE('',#847,#848,#429,.T.);
#1062=EDGE_CURVE('',#821,#848,#430,.T.);
#1063=EDGE_CURVE('',#848,#849,#431,.T.);
#1064=EDGE_CURVE('',#822,#849,#432,.T.);
#1065=EDGE_CURVE('',#849,#850,#433,.T.);
#1066=EDGE_CURVE('',#823,#850,#434,.T.);
#1067=EDGE_CURVE('',#850,#851,#435,.T.);
#1068=EDGE_CURVE('',#824,#851,#436,.T.);
#1069=EDGE_CURVE('',#852,#851,#437,.T.);
#1070=EDGE_CURVE('',#825,#852,#438,.T.);
#1071=EDGE_CURVE('',#852,#853,#38,.T.);
#1072=EDGE_CURVE('',#826,#853,#439,.T.);
#1073=EDGE_CURVE('',#854,#853,#440,.T.);
#1074=EDGE_CURVE('',#827,#854,#441,.T.);
#1075=EDGE_CURVE('',#855,#854,#39,.T.);
#1076=EDGE_CURVE('',#828,#855,#442,.T.);
#1077=EDGE_CURVE('',#855,#856,#443,.T.);
#1078=EDGE_CURVE('',#829,#856,#444,.T.);
#1079=EDGE_CURVE('',#856,#857,#445,.T.);
#1080=EDGE_CURVE('',#830,#857,#446,.T.);
#1081=EDGE_CURVE('',#857,#858,#447,.T.);
#1082=EDGE_CURVE('',#831,#858,#448,.T.);
#1083=EDGE_CURVE('',#859,#860,#40,.T.);
#1084=EDGE_CURVE('',#805,#859,#449,.T.);
#1085=EDGE_CURVE('',#804,#860,#450,.T.);
#1086=EDGE_CURVE('',#859,#861,#451,.T.);
#1087=EDGE_CURVE('',#806,#861,#452,.T.);
#1088=EDGE_CURVE('',#862,#785,#453,.T.);
#1089=EDGE_CURVE('',#862,#799,#454,.T.);
#1090=EDGE_CURVE('',#863,#798,#455,.T.);
#1091=EDGE_CURVE('',#774,#863,#456,.T.);
#1092=EDGE_CURVE('',#861,#864,#457,.T.);
#1093=EDGE_CURVE('',#801,#864,#458,.T.);
#1094=EDGE_CURVE('',#865,#864,#459,.T.);
#1095=EDGE_CURVE('',#802,#865,#460,.T.);
#1096=EDGE_CURVE('',#865,#866,#41,.T.);
#1097=EDGE_CURVE('',#803,#866,#461,.T.);
#1098=EDGE_CURVE('',#867,#868,#42,.T.);
#1099=EDGE_CURVE('',#813,#867,#462,.T.);
#1100=EDGE_CURVE('',#812,#868,#463,.T.);
#1101=EDGE_CURVE('',#867,#869,#464,.T.);
#1102=EDGE_CURVE('',#814,#869,#465,.T.);
#1103=EDGE_CURVE('',#869,#870,#466,.T.);
#1104=EDGE_CURVE('',#809,#870,#467,.T.);
#1105=EDGE_CURVE('',#711,#841,#468,.T.);
#1106=EDGE_CURVE('',#720,#840,#469,.T.);
#1107=EDGE_CURVE('',#871,#870,#470,.T.);
#1108=EDGE_CURVE('',#810,#871,#471,.T.);
#1109=EDGE_CURVE('',#871,#872,#43,.T.);
#1110=EDGE_CURVE('',#811,#872,#472,.T.);
#1111=EDGE_CURVE('',#860,#866,#473,.T.);
#1112=EDGE_CURVE('',#868,#872,#474,.T.);
#1113=EDGE_CURVE('',#858,#844,#475,.T.);
#1114=EDGE_CURVE('',#715,#832,#476,.T.);
#1115=EDGE_CURVE('',#716,#833,#477,.T.);
#1116=EDGE_CURVE('',#721,#835,#478,.T.);
#1117=EDGE_CURVE('',#722,#837,#479,.T.);
#1118=EDGE_CURVE('',#873,#791,#480,.T.);
#1119=EDGE_CURVE('',#863,#873,#481,.T.);
#1120=EDGE_CURVE('',#874,#793,#482,.T.);
#1121=EDGE_CURVE('',#873,#874,#483,.T.);
#1122=EDGE_CURVE('',#874,#862,#484,.T.);
#1123=EDGE_CURVE('',#875,#794,#485,.T.);
#1124=EDGE_CURVE('',#769,#875,#486,.T.);
#1125=EDGE_CURVE('',#876,#795,#487,.T.);
#1126=EDGE_CURVE('',#875,#876,#488,.T.);
#1127=EDGE_CURVE('',#876,#766,#489,.T.);
#1128=ORIENTED_EDGE('',*,*,#877,.T.);
#1129=ORIENTED_EDGE('',*,*,#878,.T.);
#1130=ORIENTED_EDGE('',*,*,#879,.F.);
#1131=ORIENTED_EDGE('',*,*,#880,.T.);
#1132=ORIENTED_EDGE('',*,*,#881,.T.);
#1133=ORIENTED_EDGE('',*,*,#882,.T.);
#1134=ORIENTED_EDGE('',*,*,#883,.F.);
#1135=ORIENTED_EDGE('',*,*,#884,.T.);
#1136=ORIENTED_EDGE('',*,*,#885,.T.);
#1137=ORIENTED_EDGE('',*,*,#886,.T.);
#1138=ORIENTED_EDGE('',*,*,#887,.T.);
#1139=ORIENTED_EDGE('',*,*,#888,.T.);
#1140=ORIENTED_EDGE('',*,*,#889,.F.);
#1141=ORIENTED_EDGE('',*,*,#883,.T.);
#1142=ORIENTED_EDGE('',*,*,#890,.T.);
#1143=ORIENTED_EDGE('',*,*,#891,.F.);
#1144=ORIENTED_EDGE('',*,*,#892,.F.);
#1145=ORIENTED_EDGE('',*,*,#879,.T.);
#1146=ORIENTED_EDGE('',*,*,#893,.T.);
#1147=ORIENTED_EDGE('',*,*,#894,.T.);
#1148=ORIENTED_EDGE('',*,*,#895,.F.);
#1149=ORIENTED_EDGE('',*,*,#896,.T.);
#1150=ORIENTED_EDGE('',*,*,#897,.T.);
#1151=ORIENTED_EDGE('',*,*,#898,.F.);
#1152=ORIENTED_EDGE('',*,*,#899,.F.);
#1153=ORIENTED_EDGE('',*,*,#900,.F.);
#1154=ORIENTED_EDGE('',*,*,#901,.F.);
#1155=ORIENTED_EDGE('',*,*,#902,.F.);
#1156=ORIENTED_EDGE('',*,*,#903,.F.);
#1157=ORIENTED_EDGE('',*,*,#896,.F.);
#1158=ORIENTED_EDGE('',*,*,#904,.F.);
#1159=ORIENTED_EDGE('',*,*,#905,.F.);
#1160=ORIENTED_EDGE('',*,*,#903,.T.);
#1161=ORIENTED_EDGE('',*,*,#906,.T.);
#1162=ORIENTED_EDGE('',*,*,#907,.T.);
#1163=ORIENTED_EDGE('',*,*,#897,.F.);
#1164=ORIENTED_EDGE('',*,*,#901,.T.);
#1165=ORIENTED_EDGE('',*,*,#908,.T.);
#1166=ORIENTED_EDGE('',*,*,#909,.T.);
#1167=ORIENTED_EDGE('',*,*,#910,.F.);
#1168=ORIENTED_EDGE('',*,*,#900,.T.);
#1169=ORIENTED_EDGE('',*,*,#911,.T.);
#1170=ORIENTED_EDGE('',*,*,#912,.T.);
#1171=ORIENTED_EDGE('',*,*,#908,.F.);
#1172=ORIENTED_EDGE('',*,*,#913,.T.);
#1173=ORIENTED_EDGE('',*,*,#914,.T.);
#1174=ORIENTED_EDGE('',*,*,#915,.F.);
#1175=ORIENTED_EDGE('',*,*,#914,.F.);
#1176=ORIENTED_EDGE('',*,*,#916,.T.);
#1177=ORIENTED_EDGE('',*,*,#917,.T.);
#1178=ORIENTED_EDGE('',*,*,#918,.F.);
#1179=ORIENTED_EDGE('',*,*,#917,.F.);
#1180=ORIENTED_EDGE('',*,*,#919,.T.);
#1181=ORIENTED_EDGE('',*,*,#920,.T.);
#1182=ORIENTED_EDGE('',*,*,#921,.F.);
#1183=ORIENTED_EDGE('',*,*,#920,.F.);
#1184=ORIENTED_EDGE('',*,*,#922,.T.);
#1185=ORIENTED_EDGE('',*,*,#923,.T.);
#1186=ORIENTED_EDGE('',*,*,#924,.F.);
#1187=ORIENTED_EDGE('',*,*,#923,.F.);
#1188=ORIENTED_EDGE('',*,*,#925,.T.);
#1189=ORIENTED_EDGE('',*,*,#926,.T.);
#1190=ORIENTED_EDGE('',*,*,#927,.F.);
#1191=ORIENTED_EDGE('',*,*,#926,.F.);
#1192=ORIENTED_EDGE('',*,*,#928,.T.);
#1193=ORIENTED_EDGE('',*,*,#929,.T.);
#1194=ORIENTED_EDGE('',*,*,#930,.F.);
#1195=ORIENTED_EDGE('',*,*,#929,.F.);
#1196=ORIENTED_EDGE('',*,*,#931,.T.);
#1197=ORIENTED_EDGE('',*,*,#932,.T.);
#1198=ORIENTED_EDGE('',*,*,#933,.F.);
#1199=ORIENTED_EDGE('',*,*,#932,.F.);
#1200=ORIENTED_EDGE('',*,*,#934,.T.);
#1201=ORIENTED_EDGE('',*,*,#935,.T.);
#1202=ORIENTED_EDGE('',*,*,#936,.F.);
#1203=ORIENTED_EDGE('',*,*,#937,.F.);
#1204=ORIENTED_EDGE('',*,*,#938,.T.);
#1205=ORIENTED_EDGE('',*,*,#939,.T.);
#1206=ORIENTED_EDGE('',*,*,#940,.T.);
#1207=ORIENTED_EDGE('',*,*,#941,.F.);
#1208=ORIENTED_EDGE('',*,*,#942,.F.);
#1209=ORIENTED_EDGE('',*,*,#943,.T.);
#1210=ORIENTED_EDGE('',*,*,#944,.F.);
#1211=ORIENTED_EDGE('',*,*,#935,.F.);
#1212=ORIENTED_EDGE('',*,*,#905,.T.);
#1213=ORIENTED_EDGE('',*,*,#945,.T.);
#1214=ORIENTED_EDGE('',*,*,#946,.F.);
#1215=ORIENTED_EDGE('',*,*,#947,.F.);
#1216=ORIENTED_EDGE('',*,*,#948,.F.);
#1217=ORIENTED_EDGE('',*,*,#949,.T.);
#1218=ORIENTED_EDGE('',*,*,#950,.F.);
#1219=ORIENTED_EDGE('',*,*,#951,.F.);
#1220=ORIENTED_EDGE('',*,*,#952,.F.);
#1221=ORIENTED_EDGE('',*,*,#953,.T.);
#1222=ORIENTED_EDGE('',*,*,#954,.T.);
#1223=ORIENTED_EDGE('',*,*,#906,.F.);
#1224=ORIENTED_EDGE('',*,*,#955,.T.);
#1225=ORIENTED_EDGE('',*,*,#941,.T.);
#1226=ORIENTED_EDGE('',*,*,#956,.F.);
#1227=ORIENTED_EDGE('',*,*,#957,.F.);
#1228=ORIENTED_EDGE('',*,*,#958,.F.);
#1229=ORIENTED_EDGE('',*,*,#959,.F.);
#1230=ORIENTED_EDGE('',*,*,#947,.T.);
#1231=ORIENTED_EDGE('',*,*,#960,.T.);
#1232=ORIENTED_EDGE('',*,*,#893,.F.);
#1233=ORIENTED_EDGE('',*,*,#878,.F.);
#1234=ORIENTED_EDGE('',*,*,#961,.T.);
#1235=ORIENTED_EDGE('',*,*,#962,.F.);
#1236=ORIENTED_EDGE('',*,*,#963,.F.);
#1237=ORIENTED_EDGE('',*,*,#937,.T.);
#1238=ORIENTED_EDGE('',*,*,#964,.F.);
#1239=ORIENTED_EDGE('',*,*,#965,.F.);
#1240=ORIENTED_EDGE('',*,*,#966,.T.);
#1241=ORIENTED_EDGE('',*,*,#967,.T.);
#1242=ORIENTED_EDGE('',*,*,#968,.T.);
#1243=ORIENTED_EDGE('',*,*,#969,.F.);
#1244=ORIENTED_EDGE('',*,*,#970,.T.);
#1245=ORIENTED_EDGE('',*,*,#971,.F.);
#1246=ORIENTED_EDGE('',*,*,#972,.F.);
#1247=ORIENTED_EDGE('',*,*,#971,.T.);
#1248=ORIENTED_EDGE('',*,*,#973,.F.);
#1249=ORIENTED_EDGE('',*,*,#907,.F.);
#1250=ORIENTED_EDGE('',*,*,#974,.T.);
#1251=ORIENTED_EDGE('',*,*,#953,.F.);
#1252=ORIENTED_EDGE('',*,*,#975,.F.);
#1253=ORIENTED_EDGE('',*,*,#976,.T.);
#1254=ORIENTED_EDGE('',*,*,#977,.F.);
#1255=ORIENTED_EDGE('',*,*,#978,.F.);
#1256=ORIENTED_EDGE('',*,*,#965,.T.);
#1257=ORIENTED_EDGE('',*,*,#979,.T.);
#1258=ORIENTED_EDGE('',*,*,#969,.T.);
#1259=ORIENTED_EDGE('',*,*,#980,.F.);
#1260=ORIENTED_EDGE('',*,*,#981,.F.);
#1261=ORIENTED_EDGE('',*,*,#982,.F.);
#1262=ORIENTED_EDGE('',*,*,#884,.F.);
#1263=ORIENTED_EDGE('',*,*,#889,.T.);
#1264=ORIENTED_EDGE('',*,*,#904,.T.);
#1265=ORIENTED_EDGE('',*,*,#895,.T.);
#1266=ORIENTED_EDGE('',*,*,#943,.F.);
#1267=ORIENTED_EDGE('',*,*,#945,.F.);
#1268=ORIENTED_EDGE('',*,*,#983,.F.);
#1269=ORIENTED_EDGE('',*,*,#984,.T.);
#1270=ORIENTED_EDGE('',*,*,#985,.F.);
#1271=ORIENTED_EDGE('',*,*,#986,.F.);
#1272=ORIENTED_EDGE('',*,*,#987,.F.);
#1273=ORIENTED_EDGE('',*,*,#950,.T.);
#1274=ORIENTED_EDGE('',*,*,#988,.F.);
#1275=ORIENTED_EDGE('',*,*,#989,.F.);
#1276=ORIENTED_EDGE('',*,*,#990,.F.);
#1277=ORIENTED_EDGE('',*,*,#991,.T.);
#1278=ORIENTED_EDGE('',*,*,#992,.T.);
#1279=ORIENTED_EDGE('',*,*,#993,.T.);
#1280=ORIENTED_EDGE('',*,*,#994,.F.);
#1281=ORIENTED_EDGE('',*,*,#977,.T.);
#1282=ORIENTED_EDGE('',*,*,#995,.T.);
#1283=ORIENTED_EDGE('',*,*,#996,.F.);
#1284=ORIENTED_EDGE('',*,*,#997,.T.);
#1285=ORIENTED_EDGE('',*,*,#998,.F.);
#1286=ORIENTED_EDGE('',*,*,#999,.F.);
#1287=ORIENTED_EDGE('',*,*,#1000,.T.);
#1288=ORIENTED_EDGE('',*,*,#1001,.T.);
#1289=ORIENTED_EDGE('',*,*,#957,.T.);
#1290=ORIENTED_EDGE('',*,*,#1002,.F.);
#1291=ORIENTED_EDGE('',*,*,#1003,.F.);
#1292=ORIENTED_EDGE('',*,*,#1004,.F.);
#1293=ORIENTED_EDGE('',*,*,#962,.T.);
#1294=ORIENTED_EDGE('',*,*,#1005,.T.);
#1295=ORIENTED_EDGE('',*,*,#1006,.F.);
#1296=ORIENTED_EDGE('',*,*,#1007,.T.);
#1297=ORIENTED_EDGE('',*,*,#1008,.F.);
#1298=ORIENTED_EDGE('',*,*,#1009,.F.);
#1299=ORIENTED_EDGE('',*,*,#1010,.T.);
#1300=ORIENTED_EDGE('',*,*,#1011,.T.);
#1301=ORIENTED_EDGE('',*,*,#981,.T.);
#1302=ORIENTED_EDGE('',*,*,#1012,.F.);
#1303=ORIENTED_EDGE('',*,*,#1013,.F.);
#1304=ORIENTED_EDGE('',*,*,#1014,.F.);
#1305=ORIENTED_EDGE('',*,*,#1015,.T.);
#1306=ORIENTED_EDGE('',*,*,#1016,.F.);
#1307=ORIENTED_EDGE('',*,*,#1017,.F.);
#1308=ORIENTED_EDGE('',*,*,#1018,.T.);
#1309=ORIENTED_EDGE('',*,*,#1019,.T.);
#1310=ORIENTED_EDGE('',*,*,#1020,.T.);
#1311=ORIENTED_EDGE('',*,*,#1021,.T.);
#1312=ORIENTED_EDGE('',*,*,#1022,.F.);
#1313=ORIENTED_EDGE('',*,*,#1023,.T.);
#1314=ORIENTED_EDGE('',*,*,#1024,.F.);
#1315=ORIENTED_EDGE('',*,*,#1025,.F.);
#1316=ORIENTED_EDGE('',*,*,#1026,.T.);
#1317=ORIENTED_EDGE('',*,*,#1027,.T.);
#1318=ORIENTED_EDGE('',*,*,#1028,.T.);
#1319=ORIENTED_EDGE('',*,*,#1029,.T.);
#1320=ORIENTED_EDGE('',*,*,#984,.F.);
#1321=ORIENTED_EDGE('',*,*,#1030,.T.);
#1322=ORIENTED_EDGE('',*,*,#990,.T.);
#1323=ORIENTED_EDGE('',*,*,#1031,.T.);
#1324=ORIENTED_EDGE('',*,*,#966,.F.);
#1325=ORIENTED_EDGE('',*,*,#978,.T.);
#1326=ORIENTED_EDGE('',*,*,#994,.T.);
#1327=ORIENTED_EDGE('',*,*,#1032,.T.);
#1328=ORIENTED_EDGE('',*,*,#1002,.T.);
#1329=ORIENTED_EDGE('',*,*,#956,.T.);
#1330=ORIENTED_EDGE('',*,*,#940,.F.);
#1331=ORIENTED_EDGE('',*,*,#1033,.F.);
#1332=ORIENTED_EDGE('',*,*,#1034,.F.);
#1333=ORIENTED_EDGE('',*,*,#891,.T.);
#1334=ORIENTED_EDGE('',*,*,#1035,.F.);
#1335=ORIENTED_EDGE('',*,*,#1036,.F.);
#1336=ORIENTED_EDGE('',*,*,#1037,.F.);
#1337=ORIENTED_EDGE('',*,*,#1038,.T.);
#1338=ORIENTED_EDGE('',*,*,#1039,.F.);
#1339=ORIENTED_EDGE('',*,*,#1040,.F.);
#1340=ORIENTED_EDGE('',*,*,#938,.F.);
#1341=ORIENTED_EDGE('',*,*,#963,.T.);
#1342=ORIENTED_EDGE('',*,*,#1004,.T.);
#1343=ORIENTED_EDGE('',*,*,#1041,.T.);
#1344=ORIENTED_EDGE('',*,*,#1012,.T.);
#1345=ORIENTED_EDGE('',*,*,#980,.T.);
#1346=ORIENTED_EDGE('',*,*,#968,.F.);
#1347=ORIENTED_EDGE('',*,*,#1042,.F.);
#1348=ORIENTED_EDGE('',*,*,#1038,.F.);
#1349=ORIENTED_EDGE('',*,*,#1043,.T.);
#1350=ORIENTED_EDGE('',*,*,#1044,.T.);
#1351=ORIENTED_EDGE('',*,*,#1045,.T.);
#1352=ORIENTED_EDGE('',*,*,#1044,.F.);
#1353=ORIENTED_EDGE('',*,*,#1046,.T.);
#1354=ORIENTED_EDGE('',*,*,#1047,.T.);
#1355=ORIENTED_EDGE('',*,*,#1048,.T.);
#1356=ORIENTED_EDGE('',*,*,#1049,.F.);
#1357=ORIENTED_EDGE('',*,*,#1050,.F.);
#1358=ORIENTED_EDGE('',*,*,#909,.F.);
#1359=ORIENTED_EDGE('',*,*,#912,.F.);
#1360=ORIENTED_EDGE('',*,*,#899,.T.);
#1361=ORIENTED_EDGE('',*,*,#1051,.T.);
#1362=ORIENTED_EDGE('',*,*,#1049,.T.);
#1363=ORIENTED_EDGE('',*,*,#911,.F.);
#1364=ORIENTED_EDGE('',*,*,#902,.T.);
#1365=ORIENTED_EDGE('',*,*,#910,.T.);
#1366=ORIENTED_EDGE('',*,*,#1050,.T.);
#1367=ORIENTED_EDGE('',*,*,#1051,.F.);
#1368=ORIENTED_EDGE('',*,*,#1052,.F.);
#1369=ORIENTED_EDGE('',*,*,#1053,.F.);
#1370=ORIENTED_EDGE('',*,*,#1014,.T.);
#1371=ORIENTED_EDGE('',*,*,#1054,.T.);
#1372=ORIENTED_EDGE('',*,*,#1055,.T.);
#1373=ORIENTED_EDGE('',*,*,#1056,.F.);
#1374=ORIENTED_EDGE('',*,*,#1015,.F.);
#1375=ORIENTED_EDGE('',*,*,#1053,.T.);
#1376=ORIENTED_EDGE('',*,*,#1057,.F.);
#1377=ORIENTED_EDGE('',*,*,#1058,.F.);
#1378=ORIENTED_EDGE('',*,*,#1016,.T.);
#1379=ORIENTED_EDGE('',*,*,#1056,.T.);
#1380=ORIENTED_EDGE('',*,*,#1059,.F.);
#1381=ORIENTED_EDGE('',*,*,#1060,.F.);
#1382=ORIENTED_EDGE('',*,*,#1017,.T.);
#1383=ORIENTED_EDGE('',*,*,#1058,.T.);
#1384=ORIENTED_EDGE('',*,*,#1061,.T.);
#1385=ORIENTED_EDGE('',*,*,#1062,.F.);
#1386=ORIENTED_EDGE('',*,*,#1018,.F.);
#1387=ORIENTED_EDGE('',*,*,#1060,.T.);
#1388=ORIENTED_EDGE('',*,*,#1063,.T.);
#1389=ORIENTED_EDGE('',*,*,#1064,.F.);
#1390=ORIENTED_EDGE('',*,*,#1019,.F.);
#1391=ORIENTED_EDGE('',*,*,#1062,.T.);
#1392=ORIENTED_EDGE('',*,*,#1065,.T.);
#1393=ORIENTED_EDGE('',*,*,#1066,.F.);
#1394=ORIENTED_EDGE('',*,*,#1020,.F.);
#1395=ORIENTED_EDGE('',*,*,#1064,.T.);
#1396=ORIENTED_EDGE('',*,*,#1067,.T.);
#1397=ORIENTED_EDGE('',*,*,#1068,.F.);
#1398=ORIENTED_EDGE('',*,*,#1021,.F.);
#1399=ORIENTED_EDGE('',*,*,#1066,.T.);
#1400=ORIENTED_EDGE('',*,*,#1069,.F.);
#1401=ORIENTED_EDGE('',*,*,#1070,.F.);
#1402=ORIENTED_EDGE('',*,*,#1022,.T.);
#1403=ORIENTED_EDGE('',*,*,#1068,.T.);
#1404=ORIENTED_EDGE('',*,*,#1071,.T.);
#1405=ORIENTED_EDGE('',*,*,#1072,.F.);
#1406=ORIENTED_EDGE('',*,*,#1023,.F.);
#1407=ORIENTED_EDGE('',*,*,#1070,.T.);
#1408=ORIENTED_EDGE('',*,*,#1073,.F.);
#1409=ORIENTED_EDGE('',*,*,#1074,.F.);
#1410=ORIENTED_EDGE('',*,*,#1024,.T.);
#1411=ORIENTED_EDGE('',*,*,#1072,.T.);
#1412=ORIENTED_EDGE('',*,*,#1075,.F.);
#1413=ORIENTED_EDGE('',*,*,#1076,.F.);
#1414=ORIENTED_EDGE('',*,*,#1025,.T.);
#1415=ORIENTED_EDGE('',*,*,#1074,.T.);
#1416=ORIENTED_EDGE('',*,*,#1077,.T.);
#1417=ORIENTED_EDGE('',*,*,#1078,.F.);
#1418=ORIENTED_EDGE('',*,*,#1026,.F.);
#1419=ORIENTED_EDGE('',*,*,#1076,.T.);
#1420=ORIENTED_EDGE('',*,*,#1079,.T.);
#1421=ORIENTED_EDGE('',*,*,#1080,.F.);
#1422=ORIENTED_EDGE('',*,*,#1027,.F.);
#1423=ORIENTED_EDGE('',*,*,#1078,.T.);
#1424=ORIENTED_EDGE('',*,*,#1081,.T.);
#1425=ORIENTED_EDGE('',*,*,#1082,.F.);
#1426=ORIENTED_EDGE('',*,*,#1028,.F.);
#1427=ORIENTED_EDGE('',*,*,#1080,.T.);
#1428=ORIENTED_EDGE('',*,*,#939,.F.);
#1429=ORIENTED_EDGE('',*,*,#1041,.F.);
#1430=ORIENTED_EDGE('',*,*,#1003,.T.);
#1431=ORIENTED_EDGE('',*,*,#1033,.T.);
#1432=ORIENTED_EDGE('',*,*,#1083,.F.);
#1433=ORIENTED_EDGE('',*,*,#1084,.F.);
#1434=ORIENTED_EDGE('',*,*,#999,.T.);
#1435=ORIENTED_EDGE('',*,*,#1085,.T.);
#1436=ORIENTED_EDGE('',*,*,#1086,.T.);
#1437=ORIENTED_EDGE('',*,*,#1087,.F.);
#1438=ORIENTED_EDGE('',*,*,#1000,.F.);
#1439=ORIENTED_EDGE('',*,*,#1084,.T.);
#1440=ORIENTED_EDGE('',*,*,#995,.F.);
#1441=ORIENTED_EDGE('',*,*,#976,.F.);
#1442=ORIENTED_EDGE('',*,*,#1088,.F.);
#1443=ORIENTED_EDGE('',*,*,#1089,.T.);
#1444=ORIENTED_EDGE('',*,*,#992,.F.);
#1445=ORIENTED_EDGE('',*,*,#1090,.F.);
#1446=ORIENTED_EDGE('',*,*,#1091,.F.);
#1447=ORIENTED_EDGE('',*,*,#958,.T.);
#1448=ORIENTED_EDGE('',*,*,#1001,.F.);
#1449=ORIENTED_EDGE('',*,*,#1087,.T.);
#1450=ORIENTED_EDGE('',*,*,#1092,.T.);
#1451=ORIENTED_EDGE('',*,*,#1093,.F.);
#1452=ORIENTED_EDGE('',*,*,#1094,.F.);
#1453=ORIENTED_EDGE('',*,*,#1095,.F.);
#1454=ORIENTED_EDGE('',*,*,#996,.T.);
#1455=ORIENTED_EDGE('',*,*,#1093,.T.);
#1456=ORIENTED_EDGE('',*,*,#1096,.T.);
#1457=ORIENTED_EDGE('',*,*,#1097,.F.);
#1458=ORIENTED_EDGE('',*,*,#997,.F.);
#1459=ORIENTED_EDGE('',*,*,#1095,.T.);
#1460=ORIENTED_EDGE('',*,*,#1098,.F.);
#1461=ORIENTED_EDGE('',*,*,#1099,.F.);
#1462=ORIENTED_EDGE('',*,*,#1009,.T.);
#1463=ORIENTED_EDGE('',*,*,#1100,.T.);
#1464=ORIENTED_EDGE('',*,*,#1101,.T.);
#1465=ORIENTED_EDGE('',*,*,#1102,.F.);
#1466=ORIENTED_EDGE('',*,*,#1010,.F.);
#1467=ORIENTED_EDGE('',*,*,#1099,.T.);
#1468=ORIENTED_EDGE('',*,*,#1103,.T.);
#1469=ORIENTED_EDGE('',*,*,#1104,.F.);
#1470=ORIENTED_EDGE('',*,*,#1005,.F.);
#1471=ORIENTED_EDGE('',*,*,#961,.F.);
#1472=ORIENTED_EDGE('',*,*,#877,.F.);
#1473=ORIENTED_EDGE('',*,*,#1105,.T.);
#1474=ORIENTED_EDGE('',*,*,#1047,.F.);
#1475=ORIENTED_EDGE('',*,*,#1106,.F.);
#1476=ORIENTED_EDGE('',*,*,#885,.F.);
#1477=ORIENTED_EDGE('',*,*,#982,.T.);
#1478=ORIENTED_EDGE('',*,*,#1011,.F.);
#1479=ORIENTED_EDGE('',*,*,#1102,.T.);
#1480=ORIENTED_EDGE('',*,*,#1107,.F.);
#1481=ORIENTED_EDGE('',*,*,#1108,.F.);
#1482=ORIENTED_EDGE('',*,*,#1006,.T.);
#1483=ORIENTED_EDGE('',*,*,#1104,.T.);
#1484=ORIENTED_EDGE('',*,*,#1109,.T.);
#1485=ORIENTED_EDGE('',*,*,#1110,.F.);
#1486=ORIENTED_EDGE('',*,*,#1007,.F.);
#1487=ORIENTED_EDGE('',*,*,#1108,.T.);
#1488=ORIENTED_EDGE('',*,*,#967,.F.);
#1489=ORIENTED_EDGE('',*,*,#1032,.F.);
#1490=ORIENTED_EDGE('',*,*,#1013,.T.);
#1491=ORIENTED_EDGE('',*,*,#1042,.T.);
#1492=ORIENTED_EDGE('',*,*,#1111,.F.);
#1493=ORIENTED_EDGE('',*,*,#1085,.F.);
#1494=ORIENTED_EDGE('',*,*,#998,.T.);
#1495=ORIENTED_EDGE('',*,*,#1097,.T.);
#1496=ORIENTED_EDGE('',*,*,#1112,.F.);
#1497=ORIENTED_EDGE('',*,*,#1100,.F.);
#1498=ORIENTED_EDGE('',*,*,#1008,.T.);
#1499=ORIENTED_EDGE('',*,*,#1110,.T.);
#1500=ORIENTED_EDGE('',*,*,#1113,.T.);
#1501=ORIENTED_EDGE('',*,*,#1054,.F.);
#1502=ORIENTED_EDGE('',*,*,#1029,.F.);
#1503=ORIENTED_EDGE('',*,*,#1082,.T.);
#1504=ORIENTED_EDGE('',*,*,#1055,.F.);
#1505=ORIENTED_EDGE('',*,*,#1052,.T.);
#1506=ORIENTED_EDGE('',*,*,#1113,.F.);
#1507=ORIENTED_EDGE('',*,*,#1081,.F.);
#1508=ORIENTED_EDGE('',*,*,#1079,.F.);
#1509=ORIENTED_EDGE('',*,*,#1077,.F.);
#1510=ORIENTED_EDGE('',*,*,#1075,.T.);
#1511=ORIENTED_EDGE('',*,*,#1073,.T.);
#1512=ORIENTED_EDGE('',*,*,#1071,.F.);
#1513=ORIENTED_EDGE('',*,*,#1069,.T.);
#1514=ORIENTED_EDGE('',*,*,#1067,.F.);
#1515=ORIENTED_EDGE('',*,*,#1065,.F.);
#1516=ORIENTED_EDGE('',*,*,#1063,.F.);
#1517=ORIENTED_EDGE('',*,*,#1061,.F.);
#1518=ORIENTED_EDGE('',*,*,#1059,.T.);
#1519=ORIENTED_EDGE('',*,*,#1057,.T.);
#1520=ORIENTED_EDGE('',*,*,#916,.F.);
#1521=ORIENTED_EDGE('',*,*,#919,.F.);
#1522=ORIENTED_EDGE('',*,*,#922,.F.);
#1523=ORIENTED_EDGE('',*,*,#925,.F.);
#1524=ORIENTED_EDGE('',*,*,#931,.F.);
#1525=ORIENTED_EDGE('',*,*,#1101,.F.);
#1526=ORIENTED_EDGE('',*,*,#1098,.T.);
#1527=ORIENTED_EDGE('',*,*,#1112,.T.);
#1528=ORIENTED_EDGE('',*,*,#1109,.F.);
#1529=ORIENTED_EDGE('',*,*,#1107,.T.);
#1530=ORIENTED_EDGE('',*,*,#1103,.F.);
#1531=ORIENTED_EDGE('',*,*,#1086,.F.);
#1532=ORIENTED_EDGE('',*,*,#1083,.T.);
#1533=ORIENTED_EDGE('',*,*,#1111,.T.);
#1534=ORIENTED_EDGE('',*,*,#1096,.F.);
#1535=ORIENTED_EDGE('',*,*,#1094,.T.);
#1536=ORIENTED_EDGE('',*,*,#1092,.F.);
#1537=ORIENTED_EDGE('',*,*,#933,.T.);
#1538=ORIENTED_EDGE('',*,*,#928,.F.);
#1539=ORIENTED_EDGE('',*,*,#930,.T.);
#1540=ORIENTED_EDGE('',*,*,#913,.F.);
#1541=ORIENTED_EDGE('',*,*,#927,.T.);
#1542=ORIENTED_EDGE('',*,*,#924,.T.);
#1543=ORIENTED_EDGE('',*,*,#921,.T.);
#1544=ORIENTED_EDGE('',*,*,#918,.T.);
#1545=ORIENTED_EDGE('',*,*,#915,.T.);
#1546=ORIENTED_EDGE('',*,*,#1034,.T.);
#1547=ORIENTED_EDGE('',*,*,#1114,.F.);
#1548=ORIENTED_EDGE('',*,*,#880,.F.);
#1549=ORIENTED_EDGE('',*,*,#892,.T.);
#1550=ORIENTED_EDGE('',*,*,#1036,.T.);
#1551=ORIENTED_EDGE('',*,*,#1115,.F.);
#1552=ORIENTED_EDGE('',*,*,#881,.F.);
#1553=ORIENTED_EDGE('',*,*,#1114,.T.);
#1554=ORIENTED_EDGE('',*,*,#1035,.T.);
#1555=ORIENTED_EDGE('',*,*,#890,.F.);
#1556=ORIENTED_EDGE('',*,*,#882,.F.);
#1557=ORIENTED_EDGE('',*,*,#1115,.T.);
#1558=ORIENTED_EDGE('',*,*,#1043,.F.);
#1559=ORIENTED_EDGE('',*,*,#1037,.T.);
#1560=ORIENTED_EDGE('',*,*,#1116,.F.);
#1561=ORIENTED_EDGE('',*,*,#886,.F.);
#1562=ORIENTED_EDGE('',*,*,#1106,.T.);
#1563=ORIENTED_EDGE('',*,*,#1046,.F.);
#1564=ORIENTED_EDGE('',*,*,#1040,.T.);
#1565=ORIENTED_EDGE('',*,*,#1117,.F.);
#1566=ORIENTED_EDGE('',*,*,#887,.F.);
#1567=ORIENTED_EDGE('',*,*,#1116,.T.);
#1568=ORIENTED_EDGE('',*,*,#1045,.F.);
#1569=ORIENTED_EDGE('',*,*,#1048,.F.);
#1570=ORIENTED_EDGE('',*,*,#1105,.F.);
#1571=ORIENTED_EDGE('',*,*,#888,.F.);
#1572=ORIENTED_EDGE('',*,*,#1117,.T.);
#1573=ORIENTED_EDGE('',*,*,#1039,.T.);
#1574=ORIENTED_EDGE('',*,*,#991,.F.);
#1575=ORIENTED_EDGE('',*,*,#1030,.F.);
#1576=ORIENTED_EDGE('',*,*,#983,.T.);
#1577=ORIENTED_EDGE('',*,*,#1118,.F.);
#1578=ORIENTED_EDGE('',*,*,#1119,.F.);
#1579=ORIENTED_EDGE('',*,*,#1090,.T.);
#1580=ORIENTED_EDGE('',*,*,#986,.T.);
#1581=ORIENTED_EDGE('',*,*,#1120,.F.);
#1582=ORIENTED_EDGE('',*,*,#1121,.F.);
#1583=ORIENTED_EDGE('',*,*,#1118,.T.);
#1584=ORIENTED_EDGE('',*,*,#993,.F.);
#1585=ORIENTED_EDGE('',*,*,#1089,.F.);
#1586=ORIENTED_EDGE('',*,*,#1122,.F.);
#1587=ORIENTED_EDGE('',*,*,#1120,.T.);
#1588=ORIENTED_EDGE('',*,*,#985,.T.);
#1589=ORIENTED_EDGE('',*,*,#1031,.F.);
#1590=ORIENTED_EDGE('',*,*,#987,.T.);
#1591=ORIENTED_EDGE('',*,*,#1123,.F.);
#1592=ORIENTED_EDGE('',*,*,#1124,.F.);
#1593=ORIENTED_EDGE('',*,*,#951,.T.);
#1594=ORIENTED_EDGE('',*,*,#989,.T.);
#1595=ORIENTED_EDGE('',*,*,#1125,.F.);
#1596=ORIENTED_EDGE('',*,*,#1126,.F.);
#1597=ORIENTED_EDGE('',*,*,#1123,.T.);
#1598=ORIENTED_EDGE('',*,*,#988,.T.);
#1599=ORIENTED_EDGE('',*,*,#949,.F.);
#1600=ORIENTED_EDGE('',*,*,#1127,.F.);
#1601=ORIENTED_EDGE('',*,*,#1125,.T.);
#1602=ORIENTED_EDGE('',*,*,#1119,.T.);
#1603=ORIENTED_EDGE('',*,*,#1121,.T.);
#1604=ORIENTED_EDGE('',*,*,#1122,.T.);
#1605=ORIENTED_EDGE('',*,*,#1088,.T.);
#1606=ORIENTED_EDGE('',*,*,#975,.T.);
#1607=ORIENTED_EDGE('',*,*,#952,.T.);
#1608=ORIENTED_EDGE('',*,*,#1124,.T.);
#1609=ORIENTED_EDGE('',*,*,#1126,.T.);
#1610=ORIENTED_EDGE('',*,*,#1127,.T.);
#1611=ORIENTED_EDGE('',*,*,#948,.T.);
#1612=ORIENTED_EDGE('',*,*,#959,.T.);
#1613=ORIENTED_EDGE('',*,*,#1091,.T.);
#1614=ORIENTED_EDGE('',*,*,#898,.T.);
#1615=ORIENTED_EDGE('',*,*,#973,.T.);
#1616=ORIENTED_EDGE('',*,*,#970,.F.);
#1617=ORIENTED_EDGE('',*,*,#979,.F.);
#1618=ORIENTED_EDGE('',*,*,#964,.T.);
#1619=ORIENTED_EDGE('',*,*,#972,.T.);
#1620=ORIENTED_EDGE('',*,*,#954,.F.);
#1621=ORIENTED_EDGE('',*,*,#974,.F.);
#1622=ORIENTED_EDGE('',*,*,#936,.T.);
#1623=ORIENTED_EDGE('',*,*,#944,.T.);
#1624=ORIENTED_EDGE('',*,*,#894,.F.);
#1625=ORIENTED_EDGE('',*,*,#960,.F.);
#1626=ORIENTED_EDGE('',*,*,#946,.T.);
#1627=ORIENTED_EDGE('',*,*,#942,.T.);
#1628=ORIENTED_EDGE('',*,*,#934,.F.);
#1629=ORIENTED_EDGE('',*,*,#955,.F.);
#1630=PLANE('',#1875);
#1631=PLANE('',#1876);
#1632=PLANE('',#1877);
#1633=PLANE('',#1878);
#1634=PLANE('',#1879);
#1635=PLANE('',#1880);
#1636=PLANE('',#1902);
#1637=PLANE('',#1903);
#1638=PLANE('',#1904);
#1639=PLANE('',#1905);
#1640=PLANE('',#1906);
#1641=PLANE('',#1907);
#1642=PLANE('',#1908);
#1643=PLANE('',#1909);
#1644=PLANE('',#1910);
#1645=PLANE('',#1911);
#1646=PLANE('',#1912);
#1647=PLANE('',#1913);
#1648=PLANE('',#1914);
#1649=PLANE('',#1915);
#1650=PLANE('',#1924);
#1651=PLANE('',#1925);
#1652=PLANE('',#1926);
#1653=PLANE('',#1927);
#1654=PLANE('',#1928);
#1655=PLANE('',#1929);
#1656=PLANE('',#1930);
#1657=PLANE('',#1931);
#1658=PLANE('',#1932);
#1659=PLANE('',#1933);
#1660=PLANE('',#1934);
#1661=PLANE('',#1935);
#1662=PLANE('',#1936);
#1663=PLANE('',#1939);
#1664=PLANE('',#1942);
#1665=PLANE('',#1943);
#1666=PLANE('',#1944);
#1667=PLANE('',#1945);
#1668=PLANE('',#1946);
#1669=PLANE('',#1949);
#1670=PLANE('',#1952);
#1671=PLANE('',#1953);
#1672=PLANE('',#1954);
#1673=PLANE('',#1955);
#1674=PLANE('',#1958);
#1675=PLANE('',#1959);
#1676=PLANE('',#1960);
#1677=PLANE('',#1965);
#1678=PLANE('',#1966);
#1679=PLANE('',#1967);
#1680=PLANE('',#1970);
#1681=PLANE('',#1971);
#1682=PLANE('',#1972);
#1683=PLANE('',#1973);
#1684=PLANE('',#1974);
#1685=PLANE('',#1975);
#1686=PLANE('',#1976);
#1687=PLANE('',#1977);
#1688=PLANE('',#1978);
#1689=PLANE('',#1979);
#1690=PLANE('',#1980);
#1691=PLANE('',#1981);
#1692=PLANE('',#1982);
#1693=PLANE('',#1983);
#1694=PLANE('',#1984);
#1695=PLANE('',#1985);
#1696=PLANE('',#1986);
#1697=PLANE('',#1987);
#1698=PLANE('',#1988);
#1699=PLANE('',#1989);
#1700=PLANE('',#1990);
#1701=PLANE('',#1991);
#1702=PLANE('',#1992);
#1703=PLANE('',#1993);
#1704=PLANE('',#1994);
#1705=PLANE('',#1995);
#1706=PLANE('',#1996);
#1707=PLANE('',#1997);
#1708=PLANE('',#1998);
#1709=PLANE('',#1999);
#1710=PLANE('',#2000);
#1711=STYLED_ITEM('',(#3010),#1765);
#1712=STYLED_ITEM('',(#3010),#1766);
#1713=STYLED_ITEM('',(#3010),#1767);
#1714=STYLED_ITEM('',(#3010),#1768);
#1715=STYLED_ITEM('',(#3010),#1769);
#1716=STYLED_ITEM('',(#3010),#1770);
#1717=STYLED_ITEM('',(#3011),#1778);
#1718=STYLED_ITEM('',(#3011),#1779);
#1719=STYLED_ITEM('',(#3010),#1780);
#1720=STYLED_ITEM('',(#3010),#1781);
#1721=STYLED_ITEM('',(#3011),#1783);
#1722=STYLED_ITEM('',(#3011),#1784);
#1723=STYLED_ITEM('',(#3010),#1785);
#1724=STYLED_ITEM('',(#3010),#1786);
#1725=STYLED_ITEM('',(#3010),#1787);
#1726=STYLED_ITEM('',(#3011),#1788);
#1727=STYLED_ITEM('',(#3011),#1789);
#1728=STYLED_ITEM('',(#3012),#1790);
#1729=STYLED_ITEM('',(#3012),#1791);
#1730=STYLED_ITEM('',(#3011),#1795);
#1731=STYLED_ITEM('',(#3011),#1796);
#1732=STYLED_ITEM('',(#3012),#1800);
#1733=STYLED_ITEM('',(#3010),#1801);
#1734=STYLED_ITEM('',(#3010),#1802);
#1735=STYLED_ITEM('',(#3010),#1803);
#1736=STYLED_ITEM('',(#3010),#1822);
#1737=STYLED_ITEM('',(#3010),#1827);
#1738=STYLED_ITEM('',(#3011),#1834);
#1739=STYLED_ITEM('',(#3011),#1835);
#1740=STYLED_ITEM('',(#3011),#1836);
#1741=STYLED_ITEM('',(#3010),#1837);
#1742=STYLED_ITEM('',(#3011),#1838);
#1743=STYLED_ITEM('',(#3010),#1839);
#1744=STYLED_ITEM('',(#3010),#1840);
#1745=STYLED_ITEM('',(#3010),#1841);
#1746=STYLED_ITEM('',(#3010),#1842);
#1747=STYLED_ITEM('',(#3010),#1843);
#1748=STYLED_ITEM('',(#3010),#1844);
#1749=STYLED_ITEM('',(#3010),#1845);
#1750=STYLED_ITEM('',(#3013),#1847);
#1751=STYLED_ITEM('',(#3013),#1848);
#1752=STYLED_ITEM('',(#3013),#1849);
#1753=STYLED_ITEM('',(#3014),#1850);
#1754=STYLED_ITEM('',(#3014),#1851);
#1755=STYLED_ITEM('',(#3014),#1852);
#1756=STYLED_ITEM('',(#3010),#1853);
#1757=STYLED_ITEM('',(#3010),#1854);
#1758=STYLED_ITEM('',(#3010),#1855);
#1759=STYLED_ITEM('',(#3010),#1856);
#1760=STYLED_ITEM('',(#3011),#1857);
#1761=STYLED_ITEM('',(#3011),#1858);
#1762=STYLED_ITEM('',(#3011),#1859);
#1763=STYLED_ITEM('',(#3011),#1860);
#1764=STYLED_ITEM('',(#3009),#13);
#1765=ADVANCED_FACE('',(#68),#1630,.T.);
#1766=ADVANCED_FACE('',(#69),#1631,.T.);
#1767=ADVANCED_FACE('',(#70,#59),#1632,.F.);
#1768=ADVANCED_FACE('',(#71),#1633,.T.);
#1769=ADVANCED_FACE('',(#72),#1634,.F.);
#1770=ADVANCED_FACE('',(#73),#1635,.F.);
#1771=ADVANCED_FACE('',(#74),#44,.T.);
#1772=ADVANCED_FACE('',(#75),#45,.T.);
#1773=ADVANCED_FACE('',(#76),#46,.T.);
#1774=ADVANCED_FACE('',(#77),#47,.T.);
#1775=ADVANCED_FACE('',(#78),#48,.T.);
#1776=ADVANCED_FACE('',(#79),#49,.F.);
#1777=ADVANCED_FACE('',(#80),#50,.T.);
#1778=ADVANCED_FACE('',(#81),#1636,.F.);
#1779=ADVANCED_FACE('',(#82),#1637,.F.);
#1780=ADVANCED_FACE('',(#83),#1638,.T.);
#1781=ADVANCED_FACE('',(#84),#1639,.F.);
#1782=ADVANCED_FACE('',(#85),#1640,.F.);
#1783=ADVANCED_FACE('',(#86),#1641,.F.);
#1784=ADVANCED_FACE('',(#87),#1642,.F.);
#1785=ADVANCED_FACE('',(#88),#1643,.F.);
#1786=ADVANCED_FACE('',(#89),#1644,.F.);
#1787=ADVANCED_FACE('',(#90),#1645,.T.);
#1788=ADVANCED_FACE('',(#91),#1646,.F.);
#1789=ADVANCED_FACE('',(#92),#1647,.F.);
#1790=ADVANCED_FACE('',(#93),#1648,.T.);
#1791=ADVANCED_FACE('',(#94,#60),#1649,.T.);
#1792=ADVANCED_FACE('',(#95),#1650,.T.);
#1793=ADVANCED_FACE('',(#96),#1651,.T.);
#1794=ADVANCED_FACE('',(#97),#1652,.T.);
#1795=ADVANCED_FACE('',(#98),#1653,.F.);
#1796=ADVANCED_FACE('',(#99),#1654,.F.);
#1797=ADVANCED_FACE('',(#100),#1655,.T.);
#1798=ADVANCED_FACE('',(#101),#1656,.T.);
#1799=ADVANCED_FACE('',(#102),#1657,.T.);
#1800=ADVANCED_FACE('',(#103),#1658,.T.);
#1801=ADVANCED_FACE('',(#104),#1659,.T.);
#1802=ADVANCED_FACE('',(#105),#1660,.F.);
#1803=ADVANCED_FACE('',(#106),#1661,.F.);
#1804=ADVANCED_FACE('',(#107),#1662,.T.);
#1805=ADVANCED_FACE('',(#108),#51,.T.);
#1806=ADVANCED_FACE('',(#109),#1663,.T.);
#1807=ADVANCED_FACE('',(#110),#52,.T.);
#1808=ADVANCED_FACE('',(#111),#1664,.F.);
#1809=ADVANCED_FACE('',(#112),#1665,.F.);
#1810=ADVANCED_FACE('',(#113),#1666,.F.);
#1811=ADVANCED_FACE('',(#114),#1667,.F.);
#1812=ADVANCED_FACE('',(#115),#1668,.T.);
#1813=ADVANCED_FACE('',(#116),#53,.T.);
#1814=ADVANCED_FACE('',(#117),#1669,.T.);
#1815=ADVANCED_FACE('',(#118),#54,.T.);
#1816=ADVANCED_FACE('',(#119),#1670,.F.);
#1817=ADVANCED_FACE('',(#120),#1671,.F.);
#1818=ADVANCED_FACE('',(#121),#1672,.F.);
#1819=ADVANCED_FACE('',(#122),#1673,.T.);
#1820=ADVANCED_FACE('',(#123),#55,.F.);
#1821=ADVANCED_FACE('',(#124),#1674,.F.);
#1822=ADVANCED_FACE('',(#125),#1675,.F.);
#1823=ADVANCED_FACE('',(#126),#1676,.T.);
#1824=ADVANCED_FACE('',(#127),#56,.F.);
#1825=ADVANCED_FACE('',(#128),#57,.F.);
#1826=ADVANCED_FACE('',(#129),#1677,.F.);
#1827=ADVANCED_FACE('',(#130),#1678,.F.);
#1828=ADVANCED_FACE('',(#131),#1679,.T.);
#1829=ADVANCED_FACE('',(#132),#58,.F.);
#1830=ADVANCED_FACE('',(#133),#1680,.T.);
#1831=ADVANCED_FACE('',(#134),#1681,.T.);
#1832=ADVANCED_FACE('',(#135),#1682,.T.);
#1833=ADVANCED_FACE('',(#136),#1683,.F.);
#1834=ADVANCED_FACE('',(#137,#61,#62,#63,#64,#65),#1684,.F.);
#1835=ADVANCED_FACE('',(#138),#1685,.F.);
#1836=ADVANCED_FACE('',(#139),#1686,.F.);
#1837=ADVANCED_FACE('',(#140,#66),#1687,.T.);
#1838=ADVANCED_FACE('',(#141,#67),#1688,.F.);
#1839=ADVANCED_FACE('',(#142),#1689,.T.);
#1840=ADVANCED_FACE('',(#143),#1690,.F.);
#1841=ADVANCED_FACE('',(#144),#1691,.T.);
#1842=ADVANCED_FACE('',(#145),#1692,.F.);
#1843=ADVANCED_FACE('',(#146),#1693,.T.);
#1844=ADVANCED_FACE('',(#147),#1694,.F.);
#1845=ADVANCED_FACE('',(#148),#1695,.F.);
#1846=ADVANCED_FACE('',(#149),#1696,.F.);
#1847=ADVANCED_FACE('',(#150),#1697,.F.);
#1848=ADVANCED_FACE('',(#151),#1698,.F.);
#1849=ADVANCED_FACE('',(#152),#1699,.F.);
#1850=ADVANCED_FACE('',(#153),#1700,.F.);
#1851=ADVANCED_FACE('',(#154),#1701,.F.);
#1852=ADVANCED_FACE('',(#155),#1702,.F.);
#1853=ADVANCED_FACE('',(#156),#1703,.F.);
#1854=ADVANCED_FACE('',(#157),#1704,.F.);
#1855=ADVANCED_FACE('',(#158),#1705,.F.);
#1856=ADVANCED_FACE('',(#159),#1706,.F.);
#1857=ADVANCED_FACE('',(#160),#1707,.F.);
#1858=ADVANCED_FACE('',(#161),#1708,.F.);
#1859=ADVANCED_FACE('',(#162),#1709,.F.);
#1860=ADVANCED_FACE('',(#163),#1710,.F.);
#1861=CLOSED_SHELL('',(#1765,#1766,#1767,#1768,#1769,#1770,#1771,#1772,
#1773,#1774,#1775,#1776,#1777,#1778,#1779,#1780,#1781,#1782,#1783,#1784,
#1785,#1786,#1787,#1788,#1789,#1790,#1791,#1792,#1793,#1794,#1795,#1796,
#1797,#1798,#1799,#1800,#1801,#1802,#1803,#1804,#1805,#1806,#1807,#1808,
#1809,#1810,#1811,#1812,#1813,#1814,#1815,#1816,#1817,#1818,#1819,#1820,
#1821,#1822,#1823,#1824,#1825,#1826,#1827,#1828,#1829,#1830,#1831,#1832,
#1833,#1834,#1835,#1836,#1837,#1838,#1839,#1840,#1841,#1842,#1843,#1844,
#1845,#1846,#1847,#1848,#1849,#1850,#1851,#1852,#1853,#1854,#1855,#1856,
#1857,#1858,#1859,#1860));
#1862=DERIVED_UNIT_ELEMENT(#1864,1.);
#1863=DERIVED_UNIT_ELEMENT(#2995,-3.);
#1864=(
MASS_UNIT()
NAMED_UNIT(*)
SI_UNIT(.KILO.,.GRAM.)
);
#1865=DERIVED_UNIT((#1862,#1863));
#1866=MEASURE_REPRESENTATION_ITEM('density measure',
POSITIVE_RATIO_MEASURE(7850.),#1865);
#1867=PROPERTY_DEFINITION_REPRESENTATION(#1872,#1869);
#1868=PROPERTY_DEFINITION_REPRESENTATION(#1873,#1870);
#1869=REPRESENTATION('material name',(#1871),#2992);
#1870=REPRESENTATION('density',(#1866),#2992);
#1871=DESCRIPTIVE_REPRESENTATION_ITEM('Steel','Steel');
#1872=PROPERTY_DEFINITION('material property','material name',#3002);
#1873=PROPERTY_DEFINITION('material property','density of part',#3002);
#1874=AXIS2_PLACEMENT_3D('',#2476,#2001,#2002);
#1875=AXIS2_PLACEMENT_3D('',#2477,#2003,#2004);
#1876=AXIS2_PLACEMENT_3D('',#2502,#2017,#2018);
#1877=AXIS2_PLACEMENT_3D('',#2521,#2029,#2030);
#1878=AXIS2_PLACEMENT_3D('',#2535,#2038,#2039);
#1879=AXIS2_PLACEMENT_3D('',#2539,#2042,#2043);
#1880=AXIS2_PLACEMENT_3D('',#2545,#2047,#2048);
#1881=AXIS2_PLACEMENT_3D('',#2549,#2051,#2052);
#1882=AXIS2_PLACEMENT_3D('',#2551,#2053,#2054);
#1883=AXIS2_PLACEMENT_3D('',#2554,#2056,#2057);
#1884=AXIS2_PLACEMENT_3D('',#2555,#2058,#2059);
#1885=AXIS2_PLACEMENT_3D('',#2557,#2060,#2061);
#1886=AXIS2_PLACEMENT_3D('',#2560,#2063,#2064);
#1887=AXIS2_PLACEMENT_3D('',#2561,#2065,#2066);
#1888=AXIS2_PLACEMENT_3D('',#2563,#2067,#2068);
#1889=AXIS2_PLACEMENT_3D('',#2566,#2070,#2071);
#1890=AXIS2_PLACEMENT_3D('',#2567,#2072,#2073);
#1891=AXIS2_PLACEMENT_3D('',#2569,#2074,#2075);
#1892=AXIS2_PLACEMENT_3D('',#2572,#2077,#2078);
#1893=AXIS2_PLACEMENT_3D('',#2573,#2079,#2080);
#1894=AXIS2_PLACEMENT_3D('',#2575,#2081,#2082);
#1895=AXIS2_PLACEMENT_3D('',#2578,#2084,#2085);
#1896=AXIS2_PLACEMENT_3D('',#2579,#2086,#2087);
#1897=AXIS2_PLACEMENT_3D('',#2581,#2088,#2089);
#1898=AXIS2_PLACEMENT_3D('',#2584,#2091,#2092);
#1899=AXIS2_PLACEMENT_3D('',#2585,#2093,#2094);
#1900=AXIS2_PLACEMENT_3D('',#2587,#2095,#2096);
#1901=AXIS2_PLACEMENT_3D('',#2590,#2098,#2099);
#1902=AXIS2_PLACEMENT_3D('',#2591,#2100,#2101);
#1903=AXIS2_PLACEMENT_3D('',#2608,#2110,#2111);
#1904=AXIS2_PLACEMENT_3D('',#2613,#2115,#2116);
#1905=AXIS2_PLACEMENT_3D('',#2632,#2127,#2128);
#1906=AXIS2_PLACEMENT_3D('',#2641,#2134,#2135);
#1907=AXIS2_PLACEMENT_3D('',#2648,#2140,#2141);
#1908=AXIS2_PLACEMENT_3D('',#2665,#2150,#2151);
#1909=AXIS2_PLACEMENT_3D('',#2668,#2154,#2155);
#1910=AXIS2_PLACEMENT_3D('',#2677,#2161,#2162);
#1911=AXIS2_PLACEMENT_3D('',#2684,#2167,#2168);
#1912=AXIS2_PLACEMENT_3D('',#2685,#2169,#2170);
#1913=AXIS2_PLACEMENT_3D('',#2694,#2175,#2176);
#1914=AXIS2_PLACEMENT_3D('',#2700,#2180,#2181);
#1915=AXIS2_PLACEMENT_3D('',#2709,#2186,#2187);
#1916=AXIS2_PLACEMENT_3D('',#2717,#2191,#2192);
#1917=AXIS2_PLACEMENT_3D('',#2721,#2194,#2195);
#1918=AXIS2_PLACEMENT_3D('',#2735,#2203,#2204);
#1919=AXIS2_PLACEMENT_3D('',#2739,#2206,#2207);
#1920=AXIS2_PLACEMENT_3D('',#2750,#2213,#2214);
#1921=AXIS2_PLACEMENT_3D('',#2754,#2216,#2217);
#1922=AXIS2_PLACEMENT_3D('',#2766,#2223,#2224);
#1923=AXIS2_PLACEMENT_3D('',#2770,#2226,#2227);
#1924=AXIS2_PLACEMENT_3D('',#2778,#2232,#2233);
#1925=AXIS2_PLACEMENT_3D('',#2781,#2236,#2237);
#1926=AXIS2_PLACEMENT_3D('',#2783,#2239,#2240);
#1927=AXIS2_PLACEMENT_3D('',#2785,#2242,#2243);
#1928=AXIS2_PLACEMENT_3D('',#2791,#2247,#2248);
#1929=AXIS2_PLACEMENT_3D('',#2800,#2253,#2254);
#1930=AXIS2_PLACEMENT_3D('',#2802,#2256,#2257);
#1931=AXIS2_PLACEMENT_3D('',#2804,#2259,#2260);
#1932=AXIS2_PLACEMENT_3D('',#2810,#2264,#2265);
#1933=AXIS2_PLACEMENT_3D('',#2816,#2269,#2270);
#1934=AXIS2_PLACEMENT_3D('',#2820,#2273,#2274);
#1935=AXIS2_PLACEMENT_3D('',#2822,#2276,#2277);
#1936=AXIS2_PLACEMENT_3D('',#2823,#2278,#2279);
#1937=AXIS2_PLACEMENT_3D('',#2829,#2283,#2284);
#1938=AXIS2_PLACEMENT_3D('',#2831,#2285,#2286);
#1939=AXIS2_PLACEMENT_3D('',#2833,#2288,#2289);
#1940=AXIS2_PLACEMENT_3D('',#2837,#2292,#2293);
#1941=AXIS2_PLACEMENT_3D('',#2839,#2294,#2295);
#1942=AXIS2_PLACEMENT_3D('',#2841,#2297,#2298);
#1943=AXIS2_PLACEMENT_3D('',#2845,#2301,#2302);
#1944=AXIS2_PLACEMENT_3D('',#2849,#2305,#2306);
#1945=AXIS2_PLACEMENT_3D('',#2853,#2309,#2310);
#1946=AXIS2_PLACEMENT_3D('',#2857,#2313,#2314);
#1947=AXIS2_PLACEMENT_3D('',#2861,#2317,#2318);
#1948=AXIS2_PLACEMENT_3D('',#2863,#2319,#2320);
#1949=AXIS2_PLACEMENT_3D('',#2865,#2322,#2323);
#1950=AXIS2_PLACEMENT_3D('',#2869,#2326,#2327);
#1951=AXIS2_PLACEMENT_3D('',#2871,#2328,#2329);
#1952=AXIS2_PLACEMENT_3D('',#2873,#2331,#2332);
#1953=AXIS2_PLACEMENT_3D('',#2877,#2335,#2336);
#1954=AXIS2_PLACEMENT_3D('',#2881,#2339,#2340);
#1955=AXIS2_PLACEMENT_3D('',#2885,#2343,#2344);
#1956=AXIS2_PLACEMENT_3D('',#2886,#2345,#2346);
#1957=AXIS2_PLACEMENT_3D('',#2889,#2347,#2348);
#1958=AXIS2_PLACEMENT_3D('',#2892,#2351,#2352);
#1959=AXIS2_PLACEMENT_3D('',#2896,#2355,#2356);
#1960=AXIS2_PLACEMENT_3D('',#2906,#2363,#2364);
#1961=AXIS2_PLACEMENT_3D('',#2910,#2367,#2368);
#1962=AXIS2_PLACEMENT_3D('',#2912,#2369,#2370);
#1963=AXIS2_PLACEMENT_3D('',#2914,#2372,#2373);
#1964=AXIS2_PLACEMENT_3D('',#2917,#2374,#2375);
#1965=AXIS2_PLACEMENT_3D('',#2920,#2378,#2379);
#1966=AXIS2_PLACEMENT_3D('',#2924,#2382,#2383);
#1967=AXIS2_PLACEMENT_3D('',#2930,#2388,#2389);
#1968=AXIS2_PLACEMENT_3D('',#2934,#2392,#2393);
#1969=AXIS2_PLACEMENT_3D('',#2936,#2394,#2395);
#1970=AXIS2_PLACEMENT_3D('',#2938,#2397,#2398);
#1971=AXIS2_PLACEMENT_3D('',#2939,#2399,#2400);
#1972=AXIS2_PLACEMENT_3D('',#2941,#2402,#2403);
#1973=AXIS2_PLACEMENT_3D('',#2943,#2405,#2406);
#1974=AXIS2_PLACEMENT_3D('',#2945,#2408,#2409);
#1975=AXIS2_PLACEMENT_3D('',#2946,#2410,#2411);
#1976=AXIS2_PLACEMENT_3D('',#2947,#2412,#2413);
#1977=AXIS2_PLACEMENT_3D('',#2948,#2414,#2415);
#1978=AXIS2_PLACEMENT_3D('',#2949,#2416,#2417);
#1979=AXIS2_PLACEMENT_3D('',#2950,#2418,#2419);
#1980=AXIS2_PLACEMENT_3D('',#2951,#2420,#2421);
#1981=AXIS2_PLACEMENT_3D('',#2952,#2422,#2423);
#1982=AXIS2_PLACEMENT_3D('',#2953,#2424,#2425);
#1983=AXIS2_PLACEMENT_3D('',#2954,#2426,#2427);
#1984=AXIS2_PLACEMENT_3D('',#2955,#2428,#2429);
#1985=AXIS2_PLACEMENT_3D('',#2957,#2431,#2432);
#1986=AXIS2_PLACEMENT_3D('',#2959,#2434,#2435);
#1987=AXIS2_PLACEMENT_3D('',#2960,#2436,#2437);
#1988=AXIS2_PLACEMENT_3D('',#2962,#2439,#2440);
#1989=AXIS2_PLACEMENT_3D('',#2964,#2442,#2443);
#1990=AXIS2_PLACEMENT_3D('',#2965,#2444,#2445);
#1991=AXIS2_PLACEMENT_3D('',#2969,#2448,#2449);
#1992=AXIS2_PLACEMENT_3D('',#2973,#2452,#2453);
#1993=AXIS2_PLACEMENT_3D('',#2975,#2455,#2456);
#1994=AXIS2_PLACEMENT_3D('',#2979,#2459,#2460);
#1995=AXIS2_PLACEMENT_3D('',#2983,#2463,#2464);
#1996=AXIS2_PLACEMENT_3D('',#2985,#2466,#2467);
#1997=AXIS2_PLACEMENT_3D('',#2986,#2468,#2469);
#1998=AXIS2_PLACEMENT_3D('',#2987,#2470,#2471);
#1999=AXIS2_PLACEMENT_3D('',#2988,#2472,#2473);
#2000=AXIS2_PLACEMENT_3D('',#2989,#2474,#2475);
#2001=DIRECTION('axis',(0.,0.,1.));
#2002=DIRECTION('refdir',(1.,0.,0.));
#2003=DIRECTION('center_axis',(0.,0.,1.));
#2004=DIRECTION('ref_axis',(1.,0.,0.));
#2005=DIRECTION('',(1.66533453693773E-16,1.,-2.22044604925031E-16));
#2006=DIRECTION('',(-1.,-1.66533453693773E-16,3.69778549322349E-32));
#2007=DIRECTION('',(1.66533453693773E-16,1.,0.));
#2008=DIRECTION('',(1.,1.11022302462516E-16,-5.55111512312579E-17));
#2009=DIRECTION('',(5.55111512312578E-17,-1.,2.22044604925031E-16));
#2010=DIRECTION('',(-1.,4.88498130835069E-15,-5.55111512312589E-17));
#2011=DIRECTION('',(1.66533453693773E-16,1.,0.));
#2012=DIRECTION('',(1.,-4.88498130835069E-15,1.08468374467889E-30));
#2013=DIRECTION('',(1.66533453693773E-16,1.,-2.22044604925031E-16));
#2014=DIRECTION('',(-1.,-1.66533453693773E-16,3.69778549322349E-32));
#2015=DIRECTION('',(2.77555756156289E-16,1.,-2.22044604925031E-16));
#2016=DIRECTION('',(1.,1.66533453693773E-16,-3.69778549322349E-32));
#2017=DIRECTION('center_axis',(1.,-1.66533453693773E-16,3.69778549322349E-32));
#2018=DIRECTION('ref_axis',(1.66533453693774E-16,1.,-2.22044604925031E-16));
#2019=DIRECTION('',(0.,-2.22044604925031E-16,-1.));
#2020=DIRECTION('',(3.69778549322349E-32,-1.80636130166871E-46,-1.));
#2021=DIRECTION('',(-1.66533453693773E-16,-1.,2.22044604925031E-16));
#2022=DIRECTION('',(0.,-2.22044604925031E-16,-1.));
#2023=DIRECTION('',(0.,-2.22044604925031E-16,-1.));
#2024=DIRECTION('',(1.66533453693773E-16,1.,-2.22044604925031E-16));
#2025=DIRECTION('',(0.,-2.22044604925031E-16,-1.));
#2026=DIRECTION('',(-1.66533453693773E-16,-1.,0.));
#2027=DIRECTION('',(0.,-2.22044604925031E-16,-1.));
#2028=DIRECTION('',(5.55111512312578E-17,-1.,2.22044604925031E-16));
#2029=DIRECTION('center_axis',(0.,0.,-1.));
#2030=DIRECTION('ref_axis',(-1.,0.,0.));
#2031=DIRECTION('',(-1.66533453693773E-16,-1.,0.));
#2032=DIRECTION('',(1.,1.66533453693773E-16,0.));
#2033=DIRECTION('',(1.66533453693773E-16,1.,0.));
#2034=DIRECTION('',(-1.,-1.66533453693773E-16,0.));
#2035=DIRECTION('',(1.,2.22044604925031E-16,0.));
#2036=DIRECTION('',(-1.,-1.66533453693773E-16,0.));
#2037=DIRECTION('',(1.66533453693773E-16,1.,0.));
#2038=DIRECTION('center_axis',(-2.22044604925031E-16,1.,-2.22044604925031E-16));
#2039=DIRECTION('ref_axis',(-1.,-2.22044604925031E-16,5.55111512312579E-17));
#2040=DIRECTION('',(0.,-2.22044604925031E-16,-1.));
#2041=DIRECTION('',(-1.,-1.66533453693773E-16,3.69778549322349E-32));
#2042=DIRECTION('center_axis',(1.,-1.66533453693773E-16,3.69778549322349E-32));
#2043=DIRECTION('ref_axis',(1.66533453693774E-16,1.,-2.22044604925031E-16));
#2044=DIRECTION('',(0.,-2.22044604925031E-16,-1.));
#2045=DIRECTION('',(-1.66533453693773E-16,-1.,2.22044604925031E-16));
#2046=DIRECTION('',(0.,-2.22044604925031E-16,-1.));
#2047=DIRECTION('center_axis',(1.66533453693773E-16,-1.,2.22044604925031E-16));
#2048=DIRECTION('ref_axis',(1.,1.66533453693774E-16,-3.69778549322349E-32));
#2049=DIRECTION('',(0.,-2.22044604925031E-16,-1.));
#2050=DIRECTION('',(-1.,-1.66533453693773E-16,3.69778549322349E-32));
#2051=DIRECTION('center_axis',(0.,-2.22044604925031E-16,-1.));
#2052=DIRECTION('ref_axis',(0.,1.,-2.22044604925031E-16));
#2053=DIRECTION('center_axis',(0.,2.22044604925031E-16,1.));
#2054=DIRECTION('ref_axis',(0.,1.,-2.22044604925031E-16));
#2055=DIRECTION('',(0.,2.22044604925031E-16,1.));
#2056=DIRECTION('center_axis',(0.,2.22044604925031E-16,1.));
#2057=DIRECTION('ref_axis',(0.,-1.,2.22044604925031E-16));
#2058=DIRECTION('center_axis',(0.,-2.22044604925031E-16,-1.));
#2059=DIRECTION('ref_axis',(0.,1.,-2.22044604925031E-16));
#2060=DIRECTION('center_axis',(0.,2.22044604925031E-16,1.));
#2061=DIRECTION('ref_axis',(0.,1.,-2.22044604925031E-16));
#2062=DIRECTION('',(0.,2.22044604925031E-16,1.));
#2063=DIRECTION('center_axis',(0.,2.22044604925031E-16,1.));
#2064=DIRECTION('ref_axis',(0.,1.,-2.22044604925031E-16));
#2065=DIRECTION('center_axis',(0.,-2.22044604925031E-16,-1.));
#2066=DIRECTION('ref_axis',(0.,1.,-2.22044604925031E-16));
#2067=DIRECTION('center_axis',(0.,2.22044604925031E-16,1.));
#2068=DIRECTION('ref_axis',(0.,1.,-2.22044604925031E-16));
#2069=DIRECTION('',(0.,2.22044604925031E-16,1.));
#2070=DIRECTION('center_axis',(0.,2.22044604925031E-16,1.));
#2071=DIRECTION('ref_axis',(0.,-1.,2.22044604925031E-16));
#2072=DIRECTION('center_axis',(0.,-2.22044604925031E-16,-1.));
#2073=DIRECTION('ref_axis',(0.,1.,-2.22044604925031E-16));
#2074=DIRECTION('center_axis',(0.,2.22044604925031E-16,1.));
#2075=DIRECTION('ref_axis',(0.,1.,-2.22044604925031E-16));
#2076=DIRECTION('',(0.,2.22044604925031E-16,1.));
#2077=DIRECTION('center_axis',(0.,2.22044604925031E-16,1.));
#2078=DIRECTION('ref_axis',(0.,1.,-2.22044604925031E-16));
#2079=DIRECTION('center_axis',(0.,-2.22044604925031E-16,-1.));
#2080=DIRECTION('ref_axis',(0.,1.,-2.22044604925031E-16));
#2081=DIRECTION('center_axis',(0.,2.22044604925031E-16,1.));
#2082=DIRECTION('ref_axis',(0.,1.,-2.22044604925031E-16));
#2083=DIRECTION('',(0.,2.22044604925031E-16,1.));
#2084=DIRECTION('center_axis',(0.,2.22044604925031E-16,1.));
#2085=DIRECTION('ref_axis',(0.,-1.,2.22044604925031E-16));
#2086=DIRECTION('center_axis',(0.,-2.22044604925031E-16,-1.));
#2087=DIRECTION('ref_axis',(0.,1.,-2.22044604925031E-16));
#2088=DIRECTION('center_axis',(0.,2.22044604925031E-16,1.));
#2089=DIRECTION('ref_axis',(0.,-1.,2.22044604925031E-16));
#2090=DIRECTION('',(0.,-2.22044604925031E-16,-1.));
#2091=DIRECTION('center_axis',(0.,2.22044604925031E-16,1.));
#2092=DIRECTION('ref_axis',(0.,-1.,2.22044604925031E-16));
#2093=DIRECTION('center_axis',(0.,-2.22044604925031E-16,-1.));
#2094=DIRECTION('ref_axis',(0.,1.,-2.22044604925031E-16));
#2095=DIRECTION('center_axis',(0.,2.22044604925031E-16,1.));
#2096=DIRECTION('ref_axis',(0.,1.,-2.22044604925031E-16));
#2097=DIRECTION('',(0.,2.22044604925031E-16,1.));
#2098=DIRECTION('center_axis',(0.,2.22044604925031E-16,1.));
#2099=DIRECTION('ref_axis',(0.,-1.,2.22044604925031E-16));
#2100=DIRECTION('center_axis',(0.,-2.22044604925031E-16,-1.));
#2101=DIRECTION('ref_axis',(1.66533453693774E-16,1.,-2.22044604925031E-16));
#2102=DIRECTION('',(1.66533453693773E-16,1.,-2.22044604925031E-16));
#2103=DIRECTION('',(-1.,-1.66533453693773E-16,3.69778549322349E-32));
#2104=DIRECTION('',(1.66533453693773E-16,1.,-2.22044604925031E-16));
#2105=DIRECTION('',(-1.,-1.11022302462516E-16,5.55111512312579E-17));
#2106=DIRECTION('',(-5.55111512312578E-17,1.,-2.22044604925031E-16));
#2107=DIRECTION('',(1.,2.22044604925031E-16,-5.55111512312579E-17));
#2108=DIRECTION('',(-1.66533453693773E-16,-1.,2.22044604925031E-16));
#2109=DIRECTION('',(-1.,6.43929354282591E-15,5.55111512312564E-17));
#2110=DIRECTION('center_axis',(-1.54074395550979E-33,0.196116135138184,
-0.98058067569092));
#2111=DIRECTION('ref_axis',(5.55111512312578E-17,0.98058067569092,0.196116135138184));
#2112=DIRECTION('',(-0.700140042013999,-0.70014004201401,-0.140028008402802));
#2113=DIRECTION('',(-1.,-1.66533453693773E-16,3.69778549322349E-32));
#2114=DIRECTION('',(-0.700140042014005,0.700140042014005,0.140028008402801));
#2115=DIRECTION('center_axis',(-1.,1.66533453693773E-16,-3.69778549322349E-32));
#2116=DIRECTION('ref_axis',(-1.66533453693774E-16,-1.,2.22044604925031E-16));
#2117=DIRECTION('',(0.,-2.22044604925031E-16,-1.));
#2118=DIRECTION('',(1.66533453693773E-16,1.,-2.22044604925031E-16));
#2119=DIRECTION('',(0.,-2.22044604925031E-16,-1.));
#2120=DIRECTION('',(1.66533453693773E-16,1.,-2.22044604925031E-16));
#2121=DIRECTION('',(0.,-2.22044604925031E-16,-1.));
#2122=DIRECTION('',(1.66533453693773E-16,1.,-2.22044604925031E-16));
#2123=DIRECTION('',(0.,-2.22044604925031E-16,-1.));
#2124=DIRECTION('',(1.66533453693773E-16,1.,-2.22044604925031E-16));
#2125=DIRECTION('',(0.,-2.22044604925031E-16,-1.));
#2126=DIRECTION('',(5.55111512312578E-17,-1.,2.22044604925031E-16));
#2127=DIRECTION('center_axis',(-6.43929354282591E-15,-1.,2.77555756156289E-16));
#2128=DIRECTION('ref_axis',(1.,-6.43929354282591E-15,-5.55111512312564E-17));
#2129=DIRECTION('',(-0.980580675690919,-1.54568832208698E-16,-0.196116135138187));
#2130=DIRECTION('',(0.,-2.22044604925031E-16,-1.));
#2131=DIRECTION('',(1.,-6.43929354282591E-15,-5.55111512312564E-17));
#2132=DIRECTION('',(0.,-2.22044604925031E-16,-1.));
#2133=DIRECTION('',(-1.,-2.23709939461969E-14,5.55111512312628E-17));
#2134=DIRECTION('center_axis',(1.66533453693773E-16,-1.,2.22044604925031E-16));
#2135=DIRECTION('ref_axis',(1.,1.66533453693774E-16,-3.69778549322349E-32));
#2136=DIRECTION('',(-0.98058067569092,-1.19646214850757E-17,0.196116135138184));
#2137=DIRECTION('',(0.,-2.22044604925031E-16,-1.));
#2138=DIRECTION('',(1.,1.66533453693773E-16,-3.69778549322349E-32));
#2139=DIRECTION('',(0.,2.22044604925031E-16,1.));
#2140=DIRECTION('center_axis',(0.,-2.22044604925031E-16,-1.));
#2141=DIRECTION('ref_axis',(1.66533453693774E-16,1.,-2.22044604925031E-16));
#2142=DIRECTION('',(5.55111512312578E-17,-1.,2.22044604925031E-16));
#2143=DIRECTION('',(1.,1.99285032920216E-14,-5.55111512312623E-17));
#2144=DIRECTION('',(-1.66533453693773E-16,-1.,2.22044604925031E-16));
#2145=DIRECTION('',(-1.,-2.22044604925031E-16,5.55111512312579E-17));
#2146=DIRECTION('',(-5.55111512312578E-17,1.,-2.22044604925031E-16));
#2147=DIRECTION('',(1.,1.66533453693773E-16,-3.69778549322349E-32));
#2148=DIRECTION('',(5.55111512312578E-17,-1.,2.22044604925031E-16));
#2149=DIRECTION('',(-1.,-1.66533453693773E-16,3.69778549322349E-32));
#2150=DIRECTION('center_axis',(-5.55111512312578E-17,-0.196116135138182,
-0.980580675690921));
#2151=DIRECTION('ref_axis',(1.11022302462516E-16,0.980580675690921,-0.196116135138182));
#2152=DIRECTION('',(0.700140042014009,-0.700140042014001,0.140028008402799));
#2153=DIRECTION('',(0.700140042014005,0.700140042014005,-0.1400280084028));
#2154=DIRECTION('center_axis',(-1.99285032920216E-14,1.,-2.22044604925031E-16));
#2155=DIRECTION('ref_axis',(-1.,-1.99285032920216E-14,-5.55111512312534E-17));
#2156=DIRECTION('',(0.980580675690921,2.65591134671213E-16,0.19611613513818));
#2157=DIRECTION('',(1.,6.66133814775094E-15,-1.4791141972894E-30));
#2158=DIRECTION('',(0.,-2.22044604925031E-16,-1.));
#2159=DIRECTION('',(-1.,-1.99285032920216E-14,-5.55111512312534E-17));
#2160=DIRECTION('',(0.,2.22044604925031E-16,1.));
#2161=DIRECTION('center_axis',(-1.66533453693773E-16,1.,-2.22044604925031E-16));
#2162=DIRECTION('ref_axis',(-1.,-1.66533453693774E-16,3.69778549322349E-32));
#2163=DIRECTION('',(0.980580675690921,1.7849807517885E-16,-0.196116135138182));
#2164=DIRECTION('',(0.,-2.22044604925031E-16,-1.));
#2165=DIRECTION('',(-1.,-1.66533453693773E-16,3.69778549322349E-32));
#2166=DIRECTION('',(0.,-2.22044604925031E-16,-1.));
#2167=DIRECTION('center_axis',(1.66533453693773E-16,-1.,2.22044604925031E-16));
#2168=DIRECTION('ref_axis',(1.,1.66533453693774E-16,-3.69778549322349E-32));
#2169=DIRECTION('center_axis',(0.,-2.22044604925031E-16,-1.));
#2170=DIRECTION('ref_axis',(1.66533453693774E-16,1.,-2.22044604925031E-16));
#2171=DIRECTION('',(1.,-7.43849426498855E-15,1.65167752030649E-30));
#2172=DIRECTION('',(-1.66533453693773E-16,-1.,2.22044604925031E-16));
#2173=DIRECTION('',(-1.,-7.66053886991358E-15,5.55111512312595E-17));
#2174=DIRECTION('',(-1.11022302462516E-16,-1.,2.22044604925031E-16));
#2175=DIRECTION('center_axis',(0.,-2.22044604925031E-16,-1.));
#2176=DIRECTION('ref_axis',(1.66533453693774E-16,1.,-2.22044604925031E-16));
#2177=DIRECTION('',(-1.,-2.49245069028348E-14,5.55111512312634E-17));
#2178=DIRECTION('',(1.,1.7430501486615E-14,-3.87034881624059E-30));
#2179=DIRECTION('',(1.66533453693773E-16,1.,-2.22044604925031E-16));
#2180=DIRECTION('center_axis',(0.,2.22044604925031E-16,1.));
#2181=DIRECTION('ref_axis',(-1.66533453693774E-16,-1.,2.22044604925031E-16));
#2182=DIRECTION('',(-1.66533453693773E-16,-1.,2.22044604925031E-16));
#2183=DIRECTION('',(-1.,7.43849426498855E-15,-1.65167752030649E-30));
#2184=DIRECTION('',(-1.66533453693773E-16,-1.,2.22044604925031E-16));
#2185=DIRECTION('',(1.,7.66053886991358E-15,-5.55111512312595E-17));
#2186=DIRECTION('center_axis',(0.,2.22044604925031E-16,1.));
#2187=DIRECTION('ref_axis',(-1.66533453693774E-16,-1.,2.22044604925031E-16));
#2188=DIRECTION('',(-1.66533453693773E-16,-1.,2.22044604925031E-16));
#2189=DIRECTION('',(-1.66533453693773E-16,-1.,2.22044604925031E-16));
#2190=DIRECTION('',(1.,1.66533453693773E-16,-3.69778549322349E-32));
#2191=DIRECTION('center_axis',(0.,-2.22044604925031E-16,-1.));
#2192=DIRECTION('ref_axis',(0.,-1.,2.22044604925031E-16));
#2193=DIRECTION('',(1.11022302462516E-15,-1.,2.22044604925031E-16));
#2194=DIRECTION('center_axis',(0.,2.22044604925031E-16,1.));
#2195=DIRECTION('ref_axis',(0.,-1.,2.22044604925031E-16));
#2196=DIRECTION('',(1.,1.66533453693773E-16,-3.69778549322349E-32));
#2197=DIRECTION('',(-1.66533453693773E-16,-1.,2.22044604925031E-16));
#2198=DIRECTION('',(-1.66533453693773E-16,-1.,2.22044604925031E-16));
#2199=DIRECTION('',(1.,2.22044604925031E-16,-5.55111512312579E-17));
#2200=DIRECTION('',(-5.55111512312578E-17,1.,-2.22044604925031E-16));
#2201=DIRECTION('',(-5.55111512312578E-17,1.,-2.22044604925031E-16));
#2202=DIRECTION('',(-1.,-1.66533453693773E-16,3.69778549322349E-32));
#2203=DIRECTION('center_axis',(0.,-2.22044604925031E-16,-1.));
#2204=DIRECTION('ref_axis',(8.00641604296991E-16,-1.,2.22044604925031E-16));
#2205=DIRECTION('',(-1.11022302462516E-15,1.,-2.22044604925031E-16));
#2206=DIRECTION('center_axis',(0.,2.22044604925031E-16,1.));
#2207=DIRECTION('ref_axis',(-2.66880534765664E-16,-1.,2.22044604925031E-16));
#2208=DIRECTION('',(-1.,-1.66533453693773E-16,3.69778549322349E-32));
#2209=DIRECTION('',(-5.55111512312578E-17,1.,-2.22044604925031E-16));
#2210=DIRECTION('',(-5.55111512312578E-17,1.,-2.22044604925031E-16));
#2211=DIRECTION('',(-1.,-2.22044604925031E-16,5.55111512312579E-17));
#2212=DIRECTION('',(-1.,-1.66533453693773E-16,3.69778549322349E-32));
#2213=DIRECTION('center_axis',(0.,2.22044604925031E-16,1.));
#2214=DIRECTION('ref_axis',(-2.31296463463575E-16,-1.,2.22044604925031E-16));
#2215=DIRECTION('',(-8.88178419700125E-16,-1.,2.22044604925031E-16));
#2216=DIRECTION('center_axis',(0.,-2.22044604925031E-16,-1.));
#2217=DIRECTION('ref_axis',(6.93889390390725E-16,-1.,2.22044604925031E-16));
#2218=DIRECTION('',(-1.,-1.66533453693773E-16,3.69778549322349E-32));
#2219=DIRECTION('',(7.7715611723761E-16,1.,-1.66533453693773E-16));
#2220=DIRECTION('',(1.,1.66533453693773E-16,-3.69778549322349E-32));
#2221=DIRECTION('',(7.21644966006352E-16,-1.,1.66533453693773E-16));
#2222=DIRECTION('',(1.,1.66533453693773E-16,-3.69778549322349E-32));
#2223=DIRECTION('center_axis',(0.,2.22044604925031E-16,1.));
#2224=DIRECTION('ref_axis',(0.,-1.,2.22044604925031E-16));
#2225=DIRECTION('',(1.66533453693773E-16,1.,-2.22044604925031E-16));
#2226=DIRECTION('center_axis',(0.,-2.22044604925031E-16,-1.));
#2227=DIRECTION('ref_axis',(0.,-1.,2.22044604925031E-16));
#2228=DIRECTION('',(1.,1.66533453693773E-16,-3.69778549322349E-32));
#2229=DIRECTION('',(7.21644966006352E-16,-1.,1.66533453693773E-16));
#2230=DIRECTION('',(-1.,-2.22044604925031E-16,5.55111512312579E-17));
#2231=DIRECTION('',(-2.77555756156289E-16,1.,-2.22044604925031E-16));
#2232=DIRECTION('center_axis',(1.,-1.66533453693774E-16,-5.55111512312578E-17));
#2233=DIRECTION('ref_axis',(1.66533453693774E-16,1.,-2.22044604925031E-16));
#2234=DIRECTION('',(0.,2.22044604925031E-16,1.));
#2235=DIRECTION('',(0.,-2.22044604925031E-16,-1.));
#2236=DIRECTION('center_axis',(1.,-1.66533453693774E-16,-5.55111512312578E-17));
#2237=DIRECTION('ref_axis',(1.66533453693774E-16,1.,-2.22044604925031E-16));
#2238=DIRECTION('',(5.55111512312578E-17,-2.22044604925031E-16,-1.));
#2239=DIRECTION('center_axis',(1.,-1.66533453693774E-16,-5.55111512312578E-17));
#2240=DIRECTION('ref_axis',(1.66533453693774E-16,1.,-2.22044604925031E-16));
#2241=DIRECTION('',(5.55111512312578E-17,-2.22044604925031E-16,-1.));
#2242=DIRECTION('center_axis',(0.,-2.22044604925031E-16,-1.));
#2243=DIRECTION('ref_axis',(1.66533453693774E-16,1.,-2.22044604925031E-16));
#2244=DIRECTION('',(1.,1.11022302462516E-16,-5.55111512312579E-17));
#2245=DIRECTION('',(-1.,4.88498130835069E-15,-5.55111512312589E-17));
#2246=DIRECTION('',(0.,-1.,1.66533453693773E-16));
#2247=DIRECTION('center_axis',(0.,-2.22044604925031E-16,-1.));
#2248=DIRECTION('ref_axis',(1.66533453693774E-16,1.,-2.22044604925031E-16));
#2249=DIRECTION('',(-1.,-1.66533453693773E-16,3.69778549322349E-32));
#2250=DIRECTION('',(-5.55111512312578E-17,1.,-2.22044604925031E-16));
#2251=DIRECTION('',(1.,1.66533453693773E-16,-3.69778549322349E-32));
#2252=DIRECTION('',(-5.55111512312578E-17,1.,-2.22044604925031E-16));
#2253=DIRECTION('center_axis',(-1.,-5.55111512312578E-17,5.55111512312579E-17));
#2254=DIRECTION('ref_axis',(5.55111512312578E-17,-1.,2.22044604925031E-16));
#2255=DIRECTION('',(5.55111512312578E-17,-2.22044604925031E-16,-1.));
#2256=DIRECTION('center_axis',(-1.,-5.55111512312578E-17,5.55111512312579E-17));
#2257=DIRECTION('ref_axis',(5.55111512312578E-17,-1.,2.22044604925031E-16));
#2258=DIRECTION('',(5.55111512312578E-17,-2.22044604925031E-16,-1.));
#2259=DIRECTION('center_axis',(-1.,-5.55111512312578E-17,5.55111512312579E-17));
#2260=DIRECTION('ref_axis',(5.55111512312578E-17,-1.,2.22044604925031E-16));
#2261=DIRECTION('',(0.,2.22044604925031E-16,1.));
#2262=DIRECTION('',(-5.55111512312578E-17,1.,-2.22044604925031E-16));
#2263=DIRECTION('',(0.,-2.22044604925031E-16,-1.));
#2264=DIRECTION('center_axis',(0.,2.22044604925031E-16,1.));
#2265=DIRECTION('ref_axis',(-1.66533453693774E-16,-1.,2.22044604925031E-16));
#2266=DIRECTION('',(1.,1.66533453693773E-16,-3.69778549322349E-32));
#2267=DIRECTION('',(-5.55111512312578E-17,1.,-2.22044604925031E-16));
#2268=DIRECTION('',(-1.,-1.66533453693773E-16,3.69778549322349E-32));
#2269=DIRECTION('center_axis',(0.,-2.22044604925031E-16,-1.));
#2270=DIRECTION('ref_axis',(1.66533453693774E-16,1.,-2.22044604925031E-16));
#2271=DIRECTION('',(1.66533453693773E-16,1.,-2.22044604925031E-16));
#2272=DIRECTION('',(1.,1.66533453693773E-16,-3.69778549322349E-32));
#2273=DIRECTION('center_axis',(-1.,1.66533453693773E-16,-3.69778549322349E-32));
#2274=DIRECTION('ref_axis',(-1.66533453693774E-16,-1.,2.22044604925031E-16));
#2275=DIRECTION('',(0.,-2.22044604925031E-16,-1.));
#2276=DIRECTION('center_axis',(-1.66533453693773E-16,1.,-2.22044604925031E-16));
#2277=DIRECTION('ref_axis',(-1.,-1.66533453693774E-16,3.69778549322349E-32));
#2278=DIRECTION('center_axis',(1.66533453693773E-16,-1.,2.22044604925031E-16));
#2279=DIRECTION('ref_axis',(1.,1.66533453693774E-16,-3.69778549322349E-32));
#2280=DIRECTION('',(-1.,-1.66533453693773E-16,3.69778549322349E-32));
#2281=DIRECTION('',(5.55111512312578E-17,-2.22044604925031E-16,-1.));
#2282=DIRECTION('',(5.55111512312578E-17,-2.22044604925031E-16,-1.));
#2283=DIRECTION('center_axis',(5.55111512312578E-17,-2.22044604925031E-16,
-1.));
#2284=DIRECTION('ref_axis',(2.31296463463575E-16,1.,-2.22044604925031E-16));
#2285=DIRECTION('center_axis',(0.,2.22044604925031E-16,1.));
#2286=DIRECTION('ref_axis',(-2.31296463463575E-16,-1.,2.22044604925031E-16));
#2287=DIRECTION('',(5.55111512312578E-17,-2.22044604925031E-16,-1.));
#2288=DIRECTION('center_axis',(1.,-8.88178419700125E-16,-5.55111512312576E-17));
#2289=DIRECTION('ref_axis',(8.88178419700125E-16,1.,-2.22044604925031E-16));
#2290=DIRECTION('',(-8.88178419700125E-16,-1.,2.22044604925031E-16));
#2291=DIRECTION('',(5.55111512312578E-17,-2.22044604925031E-16,-1.));
#2292=DIRECTION('center_axis',(5.55111512312578E-17,-2.22044604925031E-16,
-1.));
#2293=DIRECTION('ref_axis',(2.31296463463575E-16,1.,-2.22044604925031E-16));
#2294=DIRECTION('center_axis',(0.,-2.22044604925031E-16,-1.));
#2295=DIRECTION('ref_axis',(6.93889390390725E-16,-1.,2.22044604925031E-16));
#2296=DIRECTION('',(5.55111512312578E-17,-2.22044604925031E-16,-1.));
#2297=DIRECTION('center_axis',(1.66533453693773E-16,-1.,2.22044604925031E-16));
#2298=DIRECTION('ref_axis',(1.,1.66533453693774E-16,-3.69778549322349E-32));
#2299=DIRECTION('',(-1.,-1.66533453693773E-16,3.69778549322349E-32));
#2300=DIRECTION('',(5.55111512312578E-17,-2.22044604925031E-16,-1.));
#2301=DIRECTION('center_axis',(-1.,7.7715611723761E-16,-1.63318859284038E-31));
#2302=DIRECTION('ref_axis',(-7.7715611723761E-16,-1.,1.66533453693774E-16));
#2303=DIRECTION('',(7.7715611723761E-16,1.,-1.66533453693773E-16));
#2304=DIRECTION('',(5.55111512312578E-17,-2.22044604925031E-16,-1.));
#2305=DIRECTION('center_axis',(-1.66533453693773E-16,1.,-2.22044604925031E-16));
#2306=DIRECTION('ref_axis',(-1.,-1.66533453693774E-16,3.69778549322349E-32));
#2307=DIRECTION('',(1.,1.66533453693773E-16,-3.69778549322349E-32));
#2308=DIRECTION('',(5.55111512312578E-17,-2.22044604925031E-16,-1.));
#2309=DIRECTION('center_axis',(1.,7.21644966006352E-16,-1.66400347195057E-31));
#2310=DIRECTION('ref_axis',(-7.21644966006352E-16,1.,-1.66533453693774E-16));
#2311=DIRECTION('',(7.21644966006352E-16,-1.,1.66533453693773E-16));
#2312=DIRECTION('',(5.55111512312578E-17,-2.22044604925031E-16,-1.));
#2313=DIRECTION('center_axis',(-1.66533453693773E-16,1.,-2.22044604925031E-16));
#2314=DIRECTION('ref_axis',(-1.,-1.66533453693774E-16,3.69778549322349E-32));
#2315=DIRECTION('',(1.,1.66533453693773E-16,-3.69778549322349E-32));
#2316=DIRECTION('',(5.55111512312578E-17,-2.22044604925031E-16,-1.));
#2317=DIRECTION('center_axis',(5.55111512312578E-17,-2.22044604925031E-16,
-1.));
#2318=DIRECTION('ref_axis',(0.,1.,-2.22044604925031E-16));
#2319=DIRECTION('center_axis',(0.,2.22044604925031E-16,1.));
#2320=DIRECTION('ref_axis',(0.,-1.,2.22044604925031E-16));
#2321=DIRECTION('',(5.55111512312578E-17,-2.22044604925031E-16,-1.));
#2322=DIRECTION('center_axis',(-1.,1.66533453693774E-16,5.55111512312578E-17));
#2323=DIRECTION('ref_axis',(-1.66533453693774E-16,-1.,2.22044604925031E-16));
#2324=DIRECTION('',(1.66533453693773E-16,1.,-2.22044604925031E-16));
#2325=DIRECTION('',(5.55111512312578E-17,-2.22044604925031E-16,-1.));
#2326=DIRECTION('center_axis',(5.55111512312578E-17,-2.22044604925031E-16,
-1.));
#2327=DIRECTION('ref_axis',(0.,1.,-2.22044604925031E-16));
#2328=DIRECTION('center_axis',(0.,-2.22044604925031E-16,-1.));
#2329=DIRECTION('ref_axis',(0.,-1.,2.22044604925031E-16));
#2330=DIRECTION('',(5.55111512312578E-17,-2.22044604925031E-16,-1.));
#2331=DIRECTION('center_axis',(-1.66533453693773E-16,1.,-2.22044604925031E-16));
#2332=DIRECTION('ref_axis',(-1.,-1.66533453693774E-16,3.69778549322349E-32));
#2333=DIRECTION('',(1.,1.66533453693773E-16,-3.69778549322349E-32));
#2334=DIRECTION('',(5.55111512312578E-17,-2.22044604925031E-16,-1.));
#2335=DIRECTION('center_axis',(1.,7.21644966006352E-16,-1.66400347195057E-31));
#2336=DIRECTION('ref_axis',(-7.21644966006352E-16,1.,-1.66533453693774E-16));
#2337=DIRECTION('',(7.21644966006352E-16,-1.,1.66533453693773E-16));
#2338=DIRECTION('',(5.55111512312578E-17,-2.22044604925031E-16,-1.));
#2339=DIRECTION('center_axis',(2.22044604925031E-16,-1.,2.22044604925031E-16));
#2340=DIRECTION('ref_axis',(1.,2.22044604925031E-16,-5.55111512312579E-17));
#2341=DIRECTION('',(-1.,-2.22044604925031E-16,5.55111512312579E-17));
#2342=DIRECTION('',(5.55111512312578E-17,-2.22044604925031E-16,-1.));
#2343=DIRECTION('center_axis',(-2.22044604925031E-16,1.,-2.22044604925031E-16));
#2344=DIRECTION('ref_axis',(-1.,-2.22044604925031E-16,5.55111512312579E-17));
#2345=DIRECTION('center_axis',(5.55111512312578E-17,-2.22044604925031E-16,
-1.));
#2346=DIRECTION('ref_axis',(0.,1.,-2.22044604925031E-16));
#2347=DIRECTION('center_axis',(0.,2.22044604925031E-16,1.));
#2348=DIRECTION('ref_axis',(0.,-1.,2.22044604925031E-16));
#2349=DIRECTION('',(5.55111512312578E-17,-2.22044604925031E-16,-1.));
#2350=DIRECTION('',(5.55111512312578E-17,-2.22044604925031E-16,-1.));
#2351=DIRECTION('center_axis',(-1.66533453693773E-16,1.,-2.22044604925031E-16));
#2352=DIRECTION('ref_axis',(-1.,-1.66533453693774E-16,3.69778549322349E-32));
#2353=DIRECTION('',(1.,1.66533453693773E-16,-3.69778549322349E-32));
#2354=DIRECTION('',(5.55111512312578E-17,-2.22044604925031E-16,-1.));
#2355=DIRECTION('center_axis',(1.,-1.66533453693774E-16,-5.55111512312578E-17));
#2356=DIRECTION('ref_axis',(1.66533453693774E-16,1.,-2.22044604925031E-16));
#2357=DIRECTION('',(-1.66533453693773E-16,-1.,2.22044604925031E-16));
#2358=DIRECTION('',(0.,-2.22044604925031E-16,-1.));
#2359=DIRECTION('',(0.,-2.22044604925031E-16,-1.));
#2360=DIRECTION('',(-1.66533453693773E-16,-1.,2.22044604925031E-16));
#2361=DIRECTION('',(-1.66533453693773E-16,-1.,2.22044604925031E-16));
#2362=DIRECTION('',(5.55111512312578E-17,-2.22044604925031E-16,-1.));
#2363=DIRECTION('center_axis',(-1.66533453693773E-16,1.,-2.22044604925031E-16));
#2364=DIRECTION('ref_axis',(-1.,-1.66533453693774E-16,3.69778549322349E-32));
#2365=DIRECTION('',(1.,1.66533453693773E-16,-3.69778549322349E-32));
#2366=DIRECTION('',(5.55111512312578E-17,-2.22044604925031E-16,-1.));
#2367=DIRECTION('center_axis',(5.55111512312578E-17,-2.22044604925031E-16,
-1.));
#2368=DIRECTION('ref_axis',(0.,1.,-2.22044604925031E-16));
#2369=DIRECTION('center_axis',(0.,-2.22044604925031E-16,-1.));
#2370=DIRECTION('ref_axis',(0.,-1.,2.22044604925031E-16));
#2371=DIRECTION('',(5.55111512312578E-17,-2.22044604925031E-16,-1.));
#2372=DIRECTION('center_axis',(5.55111512312578E-17,-2.22044604925031E-16,
-1.));
#2373=DIRECTION('ref_axis',(2.66880534765664E-16,1.,-2.22044604925031E-16));
#2374=DIRECTION('center_axis',(0.,2.22044604925031E-16,1.));
#2375=DIRECTION('ref_axis',(-2.66880534765664E-16,-1.,2.22044604925031E-16));
#2376=DIRECTION('',(5.55111512312578E-17,-2.22044604925031E-16,-1.));
#2377=DIRECTION('',(5.55111512312578E-17,-2.22044604925031E-16,-1.));
#2378=DIRECTION('center_axis',(1.66533453693773E-16,-1.,2.22044604925031E-16));
#2379=DIRECTION('ref_axis',(1.,1.66533453693774E-16,-3.69778549322349E-32));
#2380=DIRECTION('',(-1.,-1.66533453693773E-16,3.69778549322349E-32));
#2381=DIRECTION('',(5.55111512312578E-17,-2.22044604925031E-16,-1.));
#2382=DIRECTION('center_axis',(-1.,-5.55111512312578E-17,5.55111512312579E-17));
#2383=DIRECTION('ref_axis',(5.55111512312578E-17,-1.,2.22044604925031E-16));
#2384=DIRECTION('',(-5.55111512312578E-17,1.,-2.22044604925031E-16));
#2385=DIRECTION('',(5.55111512312578E-17,-2.22044604925031E-16,-1.));
#2386=DIRECTION('',(0.,-2.22044604925031E-16,-1.));
#2387=DIRECTION('',(0.,-2.22044604925031E-16,-1.));
#2388=DIRECTION('center_axis',(1.66533453693773E-16,-1.,2.22044604925031E-16));
#2389=DIRECTION('ref_axis',(1.,1.66533453693774E-16,-3.69778549322349E-32));
#2390=DIRECTION('',(-1.,-1.66533453693773E-16,3.69778549322349E-32));
#2391=DIRECTION('',(5.55111512312578E-17,-2.22044604925031E-16,-1.));
#2392=DIRECTION('center_axis',(5.55111512312578E-17,-2.22044604925031E-16,
-1.));
#2393=DIRECTION('ref_axis',(2.66880534765664E-16,1.,-2.22044604925031E-16));
#2394=DIRECTION('center_axis',(0.,-2.22044604925031E-16,-1.));
#2395=DIRECTION('ref_axis',(8.00641604296991E-16,-1.,2.22044604925031E-16));
#2396=DIRECTION('',(5.55111512312578E-17,-2.22044604925031E-16,-1.));
#2397=DIRECTION('center_axis',(2.22044604925031E-16,-1.,2.22044604925031E-16));
#2398=DIRECTION('ref_axis',(1.,2.22044604925031E-16,-5.55111512312579E-17));
#2399=DIRECTION('center_axis',(1.,1.11022302462516E-15,-2.46519032881566E-31));
#2400=DIRECTION('ref_axis',(-1.11022302462516E-15,1.,-2.22044604925031E-16));
#2401=DIRECTION('',(1.11022302462516E-15,-1.,2.22044604925031E-16));
#2402=DIRECTION('center_axis',(-1.,-1.11022302462516E-15,2.46519032881566E-31));
#2403=DIRECTION('ref_axis',(1.11022302462516E-15,-1.,2.22044604925031E-16));
#2404=DIRECTION('',(-1.11022302462516E-15,1.,-2.22044604925031E-16));
#2405=DIRECTION('center_axis',(-1.,-2.77555756156289E-16,6.16297582203915E-32));
#2406=DIRECTION('ref_axis',(2.77555756156289E-16,-1.,2.22044604925031E-16));
#2407=DIRECTION('',(-2.77555756156289E-16,1.,-2.22044604925031E-16));
#2408=DIRECTION('center_axis',(0.,-2.22044604925031E-16,-1.));
#2409=DIRECTION('ref_axis',(1.66533453693774E-16,1.,-2.22044604925031E-16));
#2410=DIRECTION('center_axis',(0.,-2.22044604925031E-16,-1.));
#2411=DIRECTION('ref_axis',(1.66533453693774E-16,1.,-2.22044604925031E-16));
#2412=DIRECTION('center_axis',(0.,-2.22044604925031E-16,-1.));
#2413=DIRECTION('ref_axis',(1.66533453693774E-16,1.,-2.22044604925031E-16));
#2414=DIRECTION('center_axis',(0.,2.22044604925031E-16,1.));
#2415=DIRECTION('ref_axis',(-1.66533453693774E-16,-1.,2.22044604925031E-16));
#2416=DIRECTION('center_axis',(0.,-2.22044604925031E-16,-1.));
#2417=DIRECTION('ref_axis',(1.66533453693774E-16,1.,-2.22044604925031E-16));
#2418=DIRECTION('center_axis',(0.,2.22044604925031E-16,1.));
#2419=DIRECTION('ref_axis',(-1.66533453693774E-16,-1.,2.22044604925031E-16));
#2420=DIRECTION('center_axis',(0.,-2.22044604925031E-16,-1.));
#2421=DIRECTION('ref_axis',(1.66533453693774E-16,1.,-2.22044604925031E-16));
#2422=DIRECTION('center_axis',(0.,2.22044604925031E-16,1.));
#2423=DIRECTION('ref_axis',(-1.66533453693774E-16,-1.,2.22044604925031E-16));
#2424=DIRECTION('center_axis',(0.,-2.22044604925031E-16,-1.));
#2425=DIRECTION('ref_axis',(1.66533453693774E-16,1.,-2.22044604925031E-16));
#2426=DIRECTION('center_axis',(0.,2.22044604925031E-16,1.));
#2427=DIRECTION('ref_axis',(-1.66533453693774E-16,-1.,2.22044604925031E-16));
#2428=DIRECTION('center_axis',(-1.66533453693773E-16,1.,-2.22044604925031E-16));
#2429=DIRECTION('ref_axis',(-1.,-1.66533453693774E-16,3.69778549322349E-32));
#2430=DIRECTION('',(0.,-2.22044604925031E-16,-1.));
#2431=DIRECTION('center_axis',(1.,9.24446373305873E-33,5.55111512312578E-17));
#2432=DIRECTION('ref_axis',(0.,1.,-1.66533453693774E-16));
#2433=DIRECTION('',(0.,-2.22044604925031E-16,-1.));
#2434=DIRECTION('center_axis',(-4.88498130835069E-15,-1.,1.66533453693774E-16));
#2435=DIRECTION('ref_axis',(1.,-4.88498130835069E-15,5.55111512312589E-17));
#2436=DIRECTION('center_axis',(1.66533453693773E-16,-1.,2.22044604925031E-16));
#2437=DIRECTION('ref_axis',(1.,1.66533453693774E-16,-3.69778549322349E-32));
#2438=DIRECTION('',(0.,-2.22044604925031E-16,-1.));
#2439=DIRECTION('center_axis',(-1.,-5.55111512312578E-17,5.55111512312578E-17));
#2440=DIRECTION('ref_axis',(5.55111512312578E-17,-1.,2.22044604925031E-16));
#2441=DIRECTION('',(0.,-2.22044604925031E-16,-1.));
#2442=DIRECTION('center_axis',(-1.66533453693773E-16,1.,-2.22044604925031E-16));
#2443=DIRECTION('ref_axis',(-1.,-1.66533453693774E-16,3.69778549322349E-32));
#2444=DIRECTION('center_axis',(7.43849426498855E-15,1.,-2.22044604925031E-16));
#2445=DIRECTION('ref_axis',(-1.,7.43849426498855E-15,-1.65167752030649E-30));
#2446=DIRECTION('',(0.,-2.22044604925031E-16,-1.));
#2447=DIRECTION('',(1.,-7.43849426498855E-15,1.65167752030649E-30));
#2448=DIRECTION('center_axis',(1.,-1.66533453693773E-16,3.69778549322349E-32));
#2449=DIRECTION('ref_axis',(1.66533453693774E-16,1.,-2.22044604925031E-16));
#2450=DIRECTION('',(0.,-2.22044604925031E-16,-1.));
#2451=DIRECTION('',(-1.11022302462516E-16,-1.,2.22044604925031E-16));
#2452=DIRECTION('center_axis',(7.66053886991358E-15,-1.,2.22044604925031E-16));
#2453=DIRECTION('ref_axis',(1.,7.66053886991358E-15,-5.55111512312595E-17));
#2454=DIRECTION('',(-1.,-7.66053886991358E-15,5.55111512312595E-17));
#2455=DIRECTION('center_axis',(2.48689957516035E-14,-1.,2.22044604925031E-16));
#2456=DIRECTION('ref_axis',(1.,2.48689957516035E-14,-5.52202633654708E-30));
#2457=DIRECTION('',(0.,-2.22044604925031E-16,-1.));
#2458=DIRECTION('',(-1.,-2.49245069028348E-14,5.55111512312634E-17));
#2459=DIRECTION('center_axis',(-1.,1.66533453693773E-16,-3.69778549322349E-32));
#2460=DIRECTION('ref_axis',(-1.66533453693774E-16,-1.,2.22044604925031E-16));
#2461=DIRECTION('',(0.,-2.22044604925031E-16,-1.));
#2462=DIRECTION('',(1.66533453693773E-16,1.,-2.22044604925031E-16));
#2463=DIRECTION('center_axis',(-1.73749903353837E-14,1.,-1.66533453693774E-16));
#2464=DIRECTION('ref_axis',(-1.,-1.73749903353837E-14,-5.5511151231254E-17));
#2465=DIRECTION('',(1.,1.7430501486615E-14,-3.87034881624059E-30));
#2466=DIRECTION('center_axis',(0.,-2.22044604925031E-16,-1.));
#2467=DIRECTION('ref_axis',(1.66533453693774E-16,1.,-2.22044604925031E-16));
#2468=DIRECTION('center_axis',(-0.196116135138182,-2.73243799962169E-16,
-0.980580675690921));
#2469=DIRECTION('ref_axis',(0.980580675690921,6.7475772716334E-17,-0.196116135138182));
#2470=DIRECTION('center_axis',(0.19611613513818,-2.17732648730911E-16,-0.980580675690921));
#2471=DIRECTION('ref_axis',(0.980580675690921,2.10079983439955E-16,0.196116135138179));
#2472=DIRECTION('center_axis',(-0.196116135138184,-2.17732648730911E-16,
-0.98058067569092));
#2473=DIRECTION('ref_axis',(0.98058067569092,6.74757727163335E-17,-0.196116135138184));
#2474=DIRECTION('center_axis',(0.196116135138187,-2.73243799962168E-16,
-0.98058067569092));
#2475=DIRECTION('ref_axis',(0.98058067569092,1.54568832208698E-16,0.196116135138187));
#2476=CARTESIAN_POINT('',(0.,0.,0.));
#2477=CARTESIAN_POINT('Origin',(20.,19.9999999999994,120.1));
#2478=CARTESIAN_POINT('',(160.,1230.,120.1));
#2479=CARTESIAN_POINT('',(160.,1240.,120.1));
#2480=CARTESIAN_POINT('',(160.,1240.,120.1));
#2481=CARTESIAN_POINT('',(20.0000000000002,1240.,120.1));
#2482=CARTESIAN_POINT('',(160.,1240.,120.1));
#2483=CARTESIAN_POINT('',(20.,1230.,120.1));
#2484=CARTESIAN_POINT('',(20.,19.9999999999994,120.1));
#2485=CARTESIAN_POINT('',(75.9999999999998,1230.,120.1));
#2486=CARTESIAN_POINT('',(20.,1230.,120.1));
#2487=CARTESIAN_POINT('',(75.9999999999998,629.999999999999,120.1));
#2488=CARTESIAN_POINT('',(75.9999999999998,1230.,120.1));
#2489=CARTESIAN_POINT('',(20.0000000000002,630.,120.1));
#2490=CARTESIAN_POINT('',(20.0000000000002,630.,120.1));
#2491=CARTESIAN_POINT('',(20.0000000000002,619.999999999999,120.1));
#2492=CARTESIAN_POINT('',(20.,19.9999999999994,120.1));
#2493=CARTESIAN_POINT('',(160.,619.999999999999,120.1));
#2494=CARTESIAN_POINT('',(75.9999999999998,619.999999999999,120.1));
#2495=CARTESIAN_POINT('',(160.,629.999999999999,120.1));
#2496=CARTESIAN_POINT('',(160.,619.999999999999,120.1));
#2497=CARTESIAN_POINT('',(85.9999999999998,629.999999999999,120.1));
#2498=CARTESIAN_POINT('',(160.,629.999999999999,120.1));
#2499=CARTESIAN_POINT('',(85.9999999999997,1230.,120.1));
#2500=CARTESIAN_POINT('',(85.9999999999998,629.999999999999,120.1));
#2501=CARTESIAN_POINT('',(160.,1230.,120.1));
#2502=CARTESIAN_POINT('Origin',(20.,19.9999999999994,240.));
#2503=CARTESIAN_POINT('',(20.0000000000002,619.999999999999,39.9999999999999));
#2504=CARTESIAN_POINT('',(20.0000000000002,619.999999999999,120.));
#2505=CARTESIAN_POINT('',(20.0000000000002,630.,19.9999999999999));
#2506=CARTESIAN_POINT('',(20.0000000000001,630.,180.));
#2507=CARTESIAN_POINT('',(20.0000000000002,1230.,19.9999999999999));
#2508=CARTESIAN_POINT('',(20.0000000000003,1840.,19.9999999999996));
#2509=CARTESIAN_POINT('',(20.,1230.,120.));
#2510=CARTESIAN_POINT('',(20.0000000000002,1240.,39.9999999999999));
#2511=CARTESIAN_POINT('',(20.0000000000002,1240.,120.));
#2512=CARTESIAN_POINT('',(20.0000000000003,1840.,39.9999999999999));
#2513=CARTESIAN_POINT('',(20.0000000000002,1240.,39.9999999999999));
#2514=CARTESIAN_POINT('',(20.0000000000002,1840.,219.999999999999));
#2515=CARTESIAN_POINT('',(20.0000000000003,1840.,239.999999999999));
#2516=CARTESIAN_POINT('',(19.9999999999999,19.9999999999994,220.));
#2517=CARTESIAN_POINT('',(20.,19.9999999999994,220.));
#2518=CARTESIAN_POINT('',(20.,19.9999999999994,39.9999999999999));
#2519=CARTESIAN_POINT('',(20.,19.9999999999994,240.));
#2520=CARTESIAN_POINT('',(20.,620.,39.9999999999995));
#2521=CARTESIAN_POINT('Origin',(19.9999999999999,19.9999999999994,220.));
#2522=CARTESIAN_POINT('',(2470.,1860.,219.999999999999));
#2523=CARTESIAN_POINT('',(2470.,2.8421709430404E-13,220.));
#2524=CARTESIAN_POINT('',(2470.,940.,220.));
#2525=CARTESIAN_POINT('',(1.79856129989275E-13,1860.,219.999999999999));
#2526=CARTESIAN_POINT('',(9.99999999999986,1860.,220.));
#2527=CARTESIAN_POINT('',(-1.04360964314765E-13,0.,220.));
#2528=CARTESIAN_POINT('',(2.22044604925031E-15,9.99999999999972,220.));
#2529=CARTESIAN_POINT('',(1245.,0.,220.));
#2530=CARTESIAN_POINT('',(2450.,20.0000000000003,220.));
#2531=CARTESIAN_POINT('',(1235.,20.,220.));
#2532=CARTESIAN_POINT('',(2450.,1840.,220.));
#2533=CARTESIAN_POINT('',(19.9999999999999,1840.,220.));
#2534=CARTESIAN_POINT('',(2450.,930.,220.));
#2535=CARTESIAN_POINT('Origin',(2450.,20.0000000000003,240.));
#2536=CARTESIAN_POINT('',(2450.,20.0000000000003,39.9999999999999));
#2537=CARTESIAN_POINT('',(2450.,20.0000000000003,240.));
#2538=CARTESIAN_POINT('',(2450.,20.0000000000003,39.9999999999999));
#2539=CARTESIAN_POINT('Origin',(0.,0.,240.));
#2540=CARTESIAN_POINT('',(2.77555756156289E-13,1860.,-3.5527136788005E-13));
#2541=CARTESIAN_POINT('',(1.35447209004269E-13,1860.,239.999999999999));
#2542=CARTESIAN_POINT('',(0.,0.,0.));
#2543=CARTESIAN_POINT('',(0.,0.,0.));
#2544=CARTESIAN_POINT('',(0.,0.,240.));
#2545=CARTESIAN_POINT('Origin',(1.35447209004269E-13,1860.,239.999999999999));
#2546=CARTESIAN_POINT('',(2470.,1860.,-3.5527136788005E-13));
#2547=CARTESIAN_POINT('',(2470.,1860.,239.999999999999));
#2548=CARTESIAN_POINT('',(2.77555756156289E-13,1860.,-3.5527136788005E-13));
#2549=CARTESIAN_POINT('Origin',(1235.,930.,20.9999999999997));
#2550=CARTESIAN_POINT('',(1235.,920.,19.9999999999999));
#2551=CARTESIAN_POINT('Origin',(1235.,930.,19.9999999999999));
#2552=CARTESIAN_POINT('',(1235.,920.,20.9999999999997));
#2553=CARTESIAN_POINT('',(1235.,920.,20.9999999999997));
#2554=CARTESIAN_POINT('Origin',(1235.,930.,20.9999999999997));
#2555=CARTESIAN_POINT('Origin',(1880.,1320.,20.9999999999997));
#2556=CARTESIAN_POINT('',(1880.,1310.,19.9999999999999));
#2557=CARTESIAN_POINT('Origin',(1880.,1320.,19.9999999999999));
#2558=CARTESIAN_POINT('',(1880.,1310.,20.9999999999997));
#2559=CARTESIAN_POINT('',(1880.,1310.,20.9999999999997));
#2560=CARTESIAN_POINT('Origin',(1880.,1320.,20.9999999999997));
#2561=CARTESIAN_POINT('Origin',(1880.,540.000000000001,20.9999999999997));
#2562=CARTESIAN_POINT('',(1880.,530.000000000001,19.9999999999999));
#2563=CARTESIAN_POINT('Origin',(1880.,540.000000000001,19.9999999999999));
#2564=CARTESIAN_POINT('',(1880.,530.000000000001,20.9999999999997));
#2565=CARTESIAN_POINT('',(1880.,530.000000000001,20.9999999999997));
#2566=CARTESIAN_POINT('Origin',(1880.,540.000000000001,20.9999999999997));
#2567=CARTESIAN_POINT('Origin',(590.,540.,21.0000000000001));
#2568=CARTESIAN_POINT('',(590.,530.,19.9999999999999));
#2569=CARTESIAN_POINT('Origin',(590.,540.,19.9999999999999));
#2570=CARTESIAN_POINT('',(590.,530.,21.0000000000001));
#2571=CARTESIAN_POINT('',(590.,530.,21.0000000000001));
#2572=CARTESIAN_POINT('Origin',(590.,540.,21.0000000000001));
#2573=CARTESIAN_POINT('Origin',(590.,1320.,20.9999999999997));
#2574=CARTESIAN_POINT('',(590.,1310.,19.9999999999999));
#2575=CARTESIAN_POINT('Origin',(590.,1320.,19.9999999999999));
#2576=CARTESIAN_POINT('',(590.,1310.,20.9999999999997));
#2577=CARTESIAN_POINT('',(590.,1310.,20.9999999999997));
#2578=CARTESIAN_POINT('Origin',(590.,1320.,20.9999999999997));
#2579=CARTESIAN_POINT('Origin',(1235.,930.,20.9999999999997));
#2580=CARTESIAN_POINT('',(1235.,635.,20.9999999999998));
#2581=CARTESIAN_POINT('Origin',(1235.,930.,20.9999999999997));
#2582=CARTESIAN_POINT('',(1235.,635.,20.));
#2583=CARTESIAN_POINT('',(1235.,635.,20.9999999999998));
#2584=CARTESIAN_POINT('Origin',(1235.,930.,19.9999999999999));
#2585=CARTESIAN_POINT('Origin',(1235.,930.,20.9999999999997));
#2586=CARTESIAN_POINT('',(1235.,630.,20.));
#2587=CARTESIAN_POINT('Origin',(1235.,930.,19.9999999999999));
#2588=CARTESIAN_POINT('',(1235.,630.,20.9999999999998));
#2589=CARTESIAN_POINT('',(1235.,630.,20.9999999999998));
#2590=CARTESIAN_POINT('Origin',(1235.,930.,20.9999999999997));
#2591=CARTESIAN_POINT('Origin',(20.,19.9999999999994,19.9999999999999));
#2592=CARTESIAN_POINT('',(2350.,1240.,19.9999999999999));
#2593=CARTESIAN_POINT('',(2350.,1740.,19.9999999999996));
#2594=CARTESIAN_POINT('',(2350.,1240.,19.9999999999999));
#2595=CARTESIAN_POINT('',(120.,1740.,19.9999999999996));
#2596=CARTESIAN_POINT('',(2450.,1740.,19.9999999999996));
#2597=CARTESIAN_POINT('',(120.,1240.,19.9999999999996));
#2598=CARTESIAN_POINT('',(120.,1240.,19.9999999999999));
#2599=CARTESIAN_POINT('',(140.,1240.,19.9999999999999));
#2600=CARTESIAN_POINT('',(75.9999999999997,1240.,19.9999999999996));
#2601=CARTESIAN_POINT('',(140.,1720.,19.9999999999996));
#2602=CARTESIAN_POINT('',(140.,19.9999999999994,19.9999999999999));
#2603=CARTESIAN_POINT('',(2330.,1720.,19.9999999999996));
#2604=CARTESIAN_POINT('',(19.9999999999999,1720.,19.9999999999999));
#2605=CARTESIAN_POINT('',(2330.,1240.,19.9999999999999));
#2606=CARTESIAN_POINT('',(2330.,19.9999999999997,19.9999999999999));
#2607=CARTESIAN_POINT('',(2310.,1240.,19.9999999999996));
#2608=CARTESIAN_POINT('Origin',(2450.,1840.,39.9999999999999));
#2609=CARTESIAN_POINT('',(2450.,1840.,39.9999999999999));
#2610=CARTESIAN_POINT('',(2450.,1840.,39.9999999999999));
#2611=CARTESIAN_POINT('',(2450.,1840.,39.9999999999999));
#2612=CARTESIAN_POINT('',(1211.17647058824,648.823529411765,-198.235294117647));
#2613=CARTESIAN_POINT('Origin',(2450.,1840.,240.));
#2614=CARTESIAN_POINT('',(2450.,1840.,240.));
#2615=CARTESIAN_POINT('',(2450.,1240.,40.0000000000002));
#2616=CARTESIAN_POINT('',(2450.,1240.,40.0000000000002));
#2617=CARTESIAN_POINT('',(2450.,1240.,120.));
#2618=CARTESIAN_POINT('',(2450.,1240.,120.));
#2619=CARTESIAN_POINT('',(2450.,1230.,120.));
#2620=CARTESIAN_POINT('',(2450.,1240.,120.));
#2621=CARTESIAN_POINT('',(2450.,1230.,19.9999999999999));
#2622=CARTESIAN_POINT('',(2450.,1230.,120.));
#2623=CARTESIAN_POINT('',(2450.,630.000000000001,19.9999999999999));
#2624=CARTESIAN_POINT('',(2450.,1840.,19.9999999999996));
#2625=CARTESIAN_POINT('',(2450.,630.000000000001,120.));
#2626=CARTESIAN_POINT('',(2450.,630.000000000001,120.));
#2627=CARTESIAN_POINT('',(2450.,620.000000000001,120.));
#2628=CARTESIAN_POINT('',(2450.,620.000000000001,120.));
#2629=CARTESIAN_POINT('',(2450.,620.000000000001,39.9999999999995));
#2630=CARTESIAN_POINT('',(2450.,620.000000000001,120.));
#2631=CARTESIAN_POINT('',(2450.,620.000000000001,39.9999999999995));
#2632=CARTESIAN_POINT('Origin',(2310.,1240.,120.));
#2633=CARTESIAN_POINT('',(2350.,1240.,19.9999999999999));
#2634=CARTESIAN_POINT('',(2330.,1240.,20.0999999999997));
#2635=CARTESIAN_POINT('',(2330.,1240.,20.0999999999997));
#2636=CARTESIAN_POINT('',(2310.,1240.,20.0999999999997));
#2637=CARTESIAN_POINT('',(20.0000000000082,1240.00000000002,20.0999999999997));
#2638=CARTESIAN_POINT('',(2310.,1240.,120.));
#2639=CARTESIAN_POINT('',(2310.,1240.,120.));
#2640=CARTESIAN_POINT('',(2394.,1240.,120.));
#2641=CARTESIAN_POINT('Origin',(75.9999999999998,1240.,120.));
#2642=CARTESIAN_POINT('',(120.,1240.,19.9999999999999));
#2643=CARTESIAN_POINT('',(160.,1240.,20.0999999999997));
#2644=CARTESIAN_POINT('',(160.,1240.,120.));
#2645=CARTESIAN_POINT('',(140.,1240.,20.0999999999997));
#2646=CARTESIAN_POINT('',(20.0000000000002,1240.,20.0999999999997));
#2647=CARTESIAN_POINT('',(140.,1240.,20.0999999999997));
#2648=CARTESIAN_POINT('Origin',(20.,19.9999999999994,19.9999999999999));
#2649=CARTESIAN_POINT('',(2350.,620.,19.9999999999999));
#2650=CARTESIAN_POINT('',(2350.,120.,19.9999999999999));
#2651=CARTESIAN_POINT('',(2350.,620.,19.9999999999999));
#2652=CARTESIAN_POINT('',(2330.,619.999999999998,19.9999999999999));
#2653=CARTESIAN_POINT('',(2394.,620.,19.9999999999999));
#2654=CARTESIAN_POINT('',(2330.,140.,19.9999999999999));
#2655=CARTESIAN_POINT('',(2330.,19.9999999999997,19.9999999999999));
#2656=CARTESIAN_POINT('',(140.,139.999999999999,19.9999999999999));
#2657=CARTESIAN_POINT('',(20.0000000000002,139.999999999999,19.9999999999999));
#2658=CARTESIAN_POINT('',(140.,619.999999999999,19.9999999999999));
#2659=CARTESIAN_POINT('',(140.,19.9999999999994,19.9999999999999));
#2660=CARTESIAN_POINT('',(120.,619.999999999999,19.9999999999999));
#2661=CARTESIAN_POINT('',(160.,619.999999999999,19.9999999999999));
#2662=CARTESIAN_POINT('',(120.,120.,19.9999999999999));
#2663=CARTESIAN_POINT('',(120.,620.,19.9999999999999));
#2664=CARTESIAN_POINT('',(2450.,120.,19.9999999999999));
#2665=CARTESIAN_POINT('Origin',(2450.,20.0000000000003,39.9999999999999));
#2666=CARTESIAN_POINT('',(2450.,20.0000000000003,39.9999999999999));
#2667=CARTESIAN_POINT('',(1211.17647058824,1211.17647058824,-198.235294117645));
#2668=CARTESIAN_POINT('Origin',(2394.,620.,120.));
#2669=CARTESIAN_POINT('',(2350.,620.,19.9999999999999));
#2670=CARTESIAN_POINT('',(2310.,619.999999999999,120.));
#2671=CARTESIAN_POINT('',(2310.,619.999999999999,120.));
#2672=CARTESIAN_POINT('',(2310.,619.999999999999,20.1000000000001));
#2673=CARTESIAN_POINT('',(2310.,619.999999999999,120.));
#2674=CARTESIAN_POINT('',(2330.,619.999999999998,20.1000000000001));
#2675=CARTESIAN_POINT('',(19.9999999999882,619.999999999952,20.0999999999997));
#2676=CARTESIAN_POINT('',(2330.,619.999999999998,20.1000000000001));
#2677=CARTESIAN_POINT('Origin',(160.,619.999999999999,120.));
#2678=CARTESIAN_POINT('',(120.,620.,19.9999999999999));
#2679=CARTESIAN_POINT('',(140.,619.999999999999,20.1000000000001));
#2680=CARTESIAN_POINT('',(140.,619.999999999999,20.1000000000001));
#2681=CARTESIAN_POINT('',(160.,619.999999999999,20.0999999999997));
#2682=CARTESIAN_POINT('',(20.0000000000002,619.999999999999,20.0999999999997));
#2683=CARTESIAN_POINT('',(160.,619.999999999999,120.));
#2684=CARTESIAN_POINT('Origin',(20.0000000000003,1840.,239.999999999999));
#2685=CARTESIAN_POINT('Origin',(20.,19.9999999999994,19.9999999999999));
#2686=CARTESIAN_POINT('',(2330.,1230.,19.9999999999999));
#2687=CARTESIAN_POINT('',(2384.,1230.,19.9999999999996));
#2688=CARTESIAN_POINT('',(2310.,1230.,19.9999999999996));
#2689=CARTESIAN_POINT('',(2330.,630.,19.9999999999999));
#2690=CARTESIAN_POINT('',(2330.,19.9999999999997,19.9999999999999));
#2691=CARTESIAN_POINT('',(2384.,630.,19.9999999999999));
#2692=CARTESIAN_POINT('',(2310.,629.999999999999,19.9999999999999));
#2693=CARTESIAN_POINT('',(2384.,630.,19.9999999999999));
#2694=CARTESIAN_POINT('Origin',(20.,19.9999999999994,19.9999999999999));
#2695=CARTESIAN_POINT('',(2394.,630.,19.9999999999999));
#2696=CARTESIAN_POINT('',(2450.,630.000000000001,19.9999999999999));
#2697=CARTESIAN_POINT('',(2394.,1230.,19.9999999999999));
#2698=CARTESIAN_POINT('',(2450.,1230.,19.9999999999999));
#2699=CARTESIAN_POINT('',(2394.,1230.,19.9999999999999));
#2700=CARTESIAN_POINT('Origin',(20.,19.9999999999994,20.1000000000001));
#2701=CARTESIAN_POINT('',(2330.,1230.,20.0999999999997));
#2702=CARTESIAN_POINT('',(2330.,630.,20.0999999999997));
#2703=CARTESIAN_POINT('',(2330.,19.9999999999997,20.1000000000001));
#2704=CARTESIAN_POINT('',(2310.,1230.,20.0999999999997));
#2705=CARTESIAN_POINT('',(20.0000000000093,1230.00000000002,20.0999999999997));
#2706=CARTESIAN_POINT('',(2310.,629.999999999999,20.1000000000001));
#2707=CARTESIAN_POINT('',(2310.,19.9999999999997,20.1000000000001));
#2708=CARTESIAN_POINT('',(19.9999999999954,629.999999999982,20.1000000000001));
#2709=CARTESIAN_POINT('Origin',(20.,19.9999999999994,20.1000000000001));
#2710=CARTESIAN_POINT('',(2330.,140.,20.1000000000001));
#2711=CARTESIAN_POINT('',(2330.,19.9999999999997,20.1000000000001));
#2712=CARTESIAN_POINT('',(2310.,550.,20.1000000000001));
#2713=CARTESIAN_POINT('',(2310.,19.9999999999997,20.1000000000001));
#2714=CARTESIAN_POINT('',(2210.,550.,20.1000000000001));
#2715=CARTESIAN_POINT('',(20.0000000000002,550.,20.1000000000001));
#2716=CARTESIAN_POINT('',(2080.,680.,20.1000000000001));
#2717=CARTESIAN_POINT('Origin',(2210.,680.,20.1000000000001));
#2718=CARTESIAN_POINT('',(2080.,1180.,20.1000000000001));
#2719=CARTESIAN_POINT('',(2080.,20.000000000002,20.1000000000001));
#2720=CARTESIAN_POINT('',(2210.,1310.,20.0999999999997));
#2721=CARTESIAN_POINT('Origin',(2210.,1180.,20.0999999999997));
#2722=CARTESIAN_POINT('',(2310.,1310.,20.1000000000001));
#2723=CARTESIAN_POINT('',(20.0000000000002,1310.,20.0999999999997));
#2724=CARTESIAN_POINT('',(2310.,19.9999999999997,20.1000000000001));
#2725=CARTESIAN_POINT('',(2330.,1720.,20.0999999999997));
#2726=CARTESIAN_POINT('',(2330.,19.9999999999997,20.1000000000001));
#2727=CARTESIAN_POINT('',(140.,1720.,20.0999999999997));
#2728=CARTESIAN_POINT('',(19.9999999999999,1720.,20.0999999999997));
#2729=CARTESIAN_POINT('',(140.,19.9999999999994,20.1000000000001));
#2730=CARTESIAN_POINT('',(160.,1310.,20.0999999999997));
#2731=CARTESIAN_POINT('',(160.,19.9999999999994,20.1000000000001));
#2732=CARTESIAN_POINT('',(260.000000000001,1310.,20.0999999999997));
#2733=CARTESIAN_POINT('',(20.0000000000002,1310.,20.0999999999997));
#2734=CARTESIAN_POINT('',(390.,1180.,20.0999999999997));
#2735=CARTESIAN_POINT('Origin',(260.000000000001,1180.,20.0999999999997));
#2736=CARTESIAN_POINT('',(390.,680.,20.0999999999997));
#2737=CARTESIAN_POINT('',(390.000000000001,19.9999999999997,20.1000000000001));
#2738=CARTESIAN_POINT('',(260.000000000001,550.,20.0999999999997));
#2739=CARTESIAN_POINT('Origin',(260.000000000001,679.999999999999,20.1000000000001));
#2740=CARTESIAN_POINT('',(160.,550.,20.1000000000001));
#2741=CARTESIAN_POINT('',(20.,550.,20.1000000000001));
#2742=CARTESIAN_POINT('',(160.,19.9999999999994,20.1000000000001));
#2743=CARTESIAN_POINT('',(140.,139.999999999999,20.1000000000001));
#2744=CARTESIAN_POINT('',(140.,19.9999999999994,20.1000000000001));
#2745=CARTESIAN_POINT('',(20.0000000000002,139.999999999999,20.1000000000001));
#2746=CARTESIAN_POINT('',(260.,530.,20.1000000000001));
#2747=CARTESIAN_POINT('',(160.,530.,20.1000000000001));
#2748=CARTESIAN_POINT('',(20.0000000000002,530.,20.1000000000001));
#2749=CARTESIAN_POINT('',(410.,679.999999999999,20.0999999999997));
#2750=CARTESIAN_POINT('Origin',(260.000000000001,679.999999999999,20.1000000000001));
#2751=CARTESIAN_POINT('',(410.,1180.,20.0999999999997));
#2752=CARTESIAN_POINT('',(409.999999999999,19.9999999999994,20.1000000000001));
#2753=CARTESIAN_POINT('',(260.,1330.,20.0999999999997));
#2754=CARTESIAN_POINT('Origin',(260.000000000001,1180.,20.0999999999997));
#2755=CARTESIAN_POINT('',(160.,1330.,20.0999999999997));
#2756=CARTESIAN_POINT('',(20.0000000000002,1330.,20.0999999999997));
#2757=CARTESIAN_POINT('',(160.,1700.,20.0999999999997));
#2758=CARTESIAN_POINT('',(159.999999999999,19.9999999999994,20.1000000000001));
#2759=CARTESIAN_POINT('',(2310.,1700.,20.0999999999997));
#2760=CARTESIAN_POINT('',(20.0000000000002,1700.,20.0999999999997));
#2761=CARTESIAN_POINT('',(2310.,1330.,20.0999999999997));
#2762=CARTESIAN_POINT('',(2310.,20.0000000000017,20.1000000000001));
#2763=CARTESIAN_POINT('',(2210.,1330.,20.1000000000001));
#2764=CARTESIAN_POINT('',(20.0000000000002,1330.,20.0999999999997));
#2765=CARTESIAN_POINT('',(2060.,1180.,20.1000000000001));
#2766=CARTESIAN_POINT('Origin',(2210.,1180.,20.0999999999997));
#2767=CARTESIAN_POINT('',(2060.,680.,20.1000000000001));
#2768=CARTESIAN_POINT('',(2060.,19.9999999999997,20.1000000000001));
#2769=CARTESIAN_POINT('',(2210.,530.,20.1000000000001));
#2770=CARTESIAN_POINT('Origin',(2210.,680.,20.1000000000001));
#2771=CARTESIAN_POINT('',(2310.,530.,20.1000000000001));
#2772=CARTESIAN_POINT('',(20.0000000000002,530.,20.1000000000001));
#2773=CARTESIAN_POINT('',(2310.,160.,20.1000000000001));
#2774=CARTESIAN_POINT('',(2310.,20.0000000000014,20.1000000000001));
#2775=CARTESIAN_POINT('',(160.,159.999999999999,20.1000000000001));
#2776=CARTESIAN_POINT('',(19.9999999999999,159.999999999999,20.1000000000001));
#2777=CARTESIAN_POINT('',(160.,19.9999999999997,20.1000000000001));
#2778=CARTESIAN_POINT('Origin',(2330.,19.9999999999997,20.1000000000001));
#2779=CARTESIAN_POINT('',(2330.,1230.,20.0999999999997));
#2780=CARTESIAN_POINT('',(2330.,630.,20.0999999999997));
#2781=CARTESIAN_POINT('Origin',(2330.,19.9999999999997,20.1000000000001));
#2782=CARTESIAN_POINT('',(2330.,140.,20.1000000000001));
#2783=CARTESIAN_POINT('Origin',(2330.,19.9999999999997,20.1000000000001));
#2784=CARTESIAN_POINT('',(2330.,1720.,20.0999999999997));
#2785=CARTESIAN_POINT('Origin',(20.,19.9999999999994,19.9999999999999));
#2786=CARTESIAN_POINT('',(75.9999999999998,1230.,19.9999999999996));
#2787=CARTESIAN_POINT('',(20.0000000000002,1230.,19.9999999999999));
#2788=CARTESIAN_POINT('',(75.9999999999998,629.999999999999,19.9999999999999));
#2789=CARTESIAN_POINT('',(20.0000000000002,630.,19.9999999999999));
#2790=CARTESIAN_POINT('',(75.9999999999998,629.999999999999,19.9999999999999));
#2791=CARTESIAN_POINT('Origin',(20.,19.9999999999994,19.9999999999999));
#2792=CARTESIAN_POINT('',(140.,629.999999999999,19.9999999999999));
#2793=CARTESIAN_POINT('',(85.9999999999998,629.999999999999,19.9999999999999));
#2794=CARTESIAN_POINT('',(160.,629.999999999999,19.9999999999999));
#2795=CARTESIAN_POINT('',(140.,1230.,19.9999999999999));
#2796=CARTESIAN_POINT('',(140.,19.9999999999994,19.9999999999999));
#2797=CARTESIAN_POINT('',(85.9999999999995,1230.,19.9999999999999));
#2798=CARTESIAN_POINT('',(160.,1230.,19.9999999999999));
#2799=CARTESIAN_POINT('',(85.9999999999995,1230.,19.9999999999999));
#2800=CARTESIAN_POINT('Origin',(140.,19.9999999999994,20.1000000000001));
#2801=CARTESIAN_POINT('',(140.,1720.,20.0999999999997));
#2802=CARTESIAN_POINT('Origin',(140.,19.9999999999994,20.1000000000001));
#2803=CARTESIAN_POINT('',(140.,139.999999999999,20.1000000000001));
#2804=CARTESIAN_POINT('Origin',(140.,19.9999999999994,20.1000000000001));
#2805=CARTESIAN_POINT('',(140.,629.999999999999,20.0999999999997));
#2806=CARTESIAN_POINT('',(140.,629.999999999999,20.1000000000001));
#2807=CARTESIAN_POINT('',(140.,1230.,20.0999999999997));
#2808=CARTESIAN_POINT('',(140.,19.9999999999994,20.1000000000001));
#2809=CARTESIAN_POINT('',(140.,1230.,20.0999999999997));
#2810=CARTESIAN_POINT('Origin',(20.,19.9999999999994,20.1000000000001));
#2811=CARTESIAN_POINT('',(160.,629.999999999999,20.0999999999997));
#2812=CARTESIAN_POINT('',(19.9999999999999,629.999999999999,20.0999999999997));
#2813=CARTESIAN_POINT('',(160.,1230.,20.0999999999997));
#2814=CARTESIAN_POINT('',(160.,19.9999999999994,20.1000000000001));
#2815=CARTESIAN_POINT('',(20.0000000000002,1230.,20.0999999999997));
#2816=CARTESIAN_POINT('Origin',(20.,19.9999999999994,0.));
#2817=CARTESIAN_POINT('',(2470.,0.,0.));
#2818=CARTESIAN_POINT('',(2470.,1860.,-3.5527136788005E-13));
#2819=CARTESIAN_POINT('',(2470.,0.,0.));
#2820=CARTESIAN_POINT('Origin',(2470.,1860.,239.999999999999));
#2821=CARTESIAN_POINT('',(2470.,2.8421709430404E-13,240.));
#2822=CARTESIAN_POINT('Origin',(2470.,2.8421709430404E-13,240.));
#2823=CARTESIAN_POINT('Origin',(20.0000000000002,530.,20.1000000000001));
#2824=CARTESIAN_POINT('',(260.,530.,19.9999999999999));
#2825=CARTESIAN_POINT('',(160.,530.,19.9999999999999));
#2826=CARTESIAN_POINT('',(20.0000000000003,530.,19.9999999999999));
#2827=CARTESIAN_POINT('',(260.,530.,20.1000000000001));
#2828=CARTESIAN_POINT('',(160.,530.,20.1000000000001));
#2829=CARTESIAN_POINT('Origin',(260.000000000001,679.999999999999,20.1000000000001));
#2830=CARTESIAN_POINT('',(410.,679.999999999999,19.9999999999999));
#2831=CARTESIAN_POINT('Origin',(260.000000000001,680.,19.9999999999999));
#2832=CARTESIAN_POINT('',(410.,679.999999999999,20.0999999999997));
#2833=CARTESIAN_POINT('Origin',(409.999999999999,19.9999999999994,20.1000000000001));
#2834=CARTESIAN_POINT('',(410.,1180.,19.9999999999999));
#2835=CARTESIAN_POINT('',(409.999999999999,19.9999999999994,19.9999999999999));
#2836=CARTESIAN_POINT('',(410.,1180.,20.0999999999997));
#2837=CARTESIAN_POINT('Origin',(260.000000000001,1180.,20.0999999999997));
#2838=CARTESIAN_POINT('',(260.,1330.,19.9999999999996));
#2839=CARTESIAN_POINT('Origin',(260.000000000001,1180.,19.9999999999999));
#2840=CARTESIAN_POINT('',(260.,1330.,20.0999999999997));
#2841=CARTESIAN_POINT('Origin',(20.0000000000002,1330.,20.0999999999997));
#2842=CARTESIAN_POINT('',(160.,1330.,19.9999999999996));
#2843=CARTESIAN_POINT('',(20.0000000000002,1330.,19.9999999999999));
#2844=CARTESIAN_POINT('',(160.,1330.,20.0999999999997));
#2845=CARTESIAN_POINT('Origin',(159.999999999999,19.9999999999994,20.1000000000001));
#2846=CARTESIAN_POINT('',(160.,1700.,19.9999999999996));
#2847=CARTESIAN_POINT('',(159.999999999999,19.9999999999994,19.9999999999999));
#2848=CARTESIAN_POINT('',(160.,1700.,20.0999999999997));
#2849=CARTESIAN_POINT('Origin',(20.0000000000002,1700.,20.0999999999997));
#2850=CARTESIAN_POINT('',(2310.,1700.,19.9999999999996));
#2851=CARTESIAN_POINT('',(20.0000000000003,1700.,19.9999999999996));
#2852=CARTESIAN_POINT('',(2310.,1700.,20.0999999999997));
#2853=CARTESIAN_POINT('Origin',(2310.,20.0000000000017,20.1000000000001));
#2854=CARTESIAN_POINT('',(2310.,1330.,19.9999999999999));
#2855=CARTESIAN_POINT('',(2310.,20.0000000000017,19.9999999999999));
#2856=CARTESIAN_POINT('',(2310.,1330.,20.0999999999997));
#2857=CARTESIAN_POINT('Origin',(20.0000000000002,1330.,20.0999999999997));
#2858=CARTESIAN_POINT('',(2210.,1330.,19.9999999999996));
#2859=CARTESIAN_POINT('',(20.0000000000002,1330.,19.9999999999999));
#2860=CARTESIAN_POINT('',(2210.,1330.,20.1000000000001));
#2861=CARTESIAN_POINT('Origin',(2210.,1180.,20.0999999999997));
#2862=CARTESIAN_POINT('',(2060.,1180.,19.9999999999999));
#2863=CARTESIAN_POINT('Origin',(2210.,1180.,19.9999999999996));
#2864=CARTESIAN_POINT('',(2060.,1180.,20.1000000000001));
#2865=CARTESIAN_POINT('Origin',(2060.,19.9999999999997,20.1000000000001));
#2866=CARTESIAN_POINT('',(2060.,680.,19.9999999999999));
#2867=CARTESIAN_POINT('',(2060.,19.9999999999997,19.9999999999999));
#2868=CARTESIAN_POINT('',(2060.,680.,20.1000000000001));
#2869=CARTESIAN_POINT('Origin',(2210.,680.,20.1000000000001));
#2870=CARTESIAN_POINT('',(2210.,530.,19.9999999999999));
#2871=CARTESIAN_POINT('Origin',(2210.,680.,19.9999999999999));
#2872=CARTESIAN_POINT('',(2210.,530.,20.1000000000001));
#2873=CARTESIAN_POINT('Origin',(20.0000000000002,530.,20.1000000000001));
#2874=CARTESIAN_POINT('',(2310.,530.,19.9999999999999));
#2875=CARTESIAN_POINT('',(20.,530.,19.9999999999999));
#2876=CARTESIAN_POINT('',(2310.,530.,20.1000000000001));
#2877=CARTESIAN_POINT('Origin',(2310.,20.0000000000014,20.1000000000001));
#2878=CARTESIAN_POINT('',(2310.,160.,19.9999999999999));
#2879=CARTESIAN_POINT('',(2310.,20.0000000000014,19.9999999999999));
#2880=CARTESIAN_POINT('',(2310.,160.,20.1000000000001));
#2881=CARTESIAN_POINT('Origin',(19.9999999999999,159.999999999999,20.1000000000001));
#2882=CARTESIAN_POINT('',(160.,159.999999999999,19.9999999999999));
#2883=CARTESIAN_POINT('',(20.,159.999999999999,19.9999999999999));
#2884=CARTESIAN_POINT('',(160.,159.999999999999,20.1000000000001));
#2885=CARTESIAN_POINT('Origin',(19.9999999999999,1720.,20.0999999999997));
#2886=CARTESIAN_POINT('Origin',(2210.,1180.,20.0999999999997));
#2887=CARTESIAN_POINT('',(2210.,1310.,19.9999999999996));
#2888=CARTESIAN_POINT('',(2080.,1180.,19.9999999999999));
#2889=CARTESIAN_POINT('Origin',(2210.,1180.,19.9999999999996));
#2890=CARTESIAN_POINT('',(2210.,1310.,20.0999999999997));
#2891=CARTESIAN_POINT('',(2080.,1180.,20.1000000000001));
#2892=CARTESIAN_POINT('Origin',(20.0000000000002,1310.,20.0999999999997));
#2893=CARTESIAN_POINT('',(2310.,1310.,19.9999999999999));
#2894=CARTESIAN_POINT('',(20.0000000000002,1310.,19.9999999999999));
#2895=CARTESIAN_POINT('',(2310.,1310.,20.1000000000001));
#2896=CARTESIAN_POINT('Origin',(2310.,19.9999999999997,20.1000000000001));
#2897=CARTESIAN_POINT('',(2310.,629.999999999999,120.));
#2898=CARTESIAN_POINT('',(2310.,619.999999999999,120.));
#2899=CARTESIAN_POINT('',(2310.,629.999999999999,120.));
#2900=CARTESIAN_POINT('',(2310.,1230.,120.));
#2901=CARTESIAN_POINT('',(2310.,1230.,120.));
#2902=CARTESIAN_POINT('',(2310.,1240.,120.));
#2903=CARTESIAN_POINT('',(2310.,550.,19.9999999999999));
#2904=CARTESIAN_POINT('',(2310.,19.9999999999997,19.9999999999999));
#2905=CARTESIAN_POINT('',(2310.,550.,20.1000000000001));
#2906=CARTESIAN_POINT('Origin',(20.0000000000002,550.,20.1000000000001));
#2907=CARTESIAN_POINT('',(2210.,550.,19.9999999999999));
#2908=CARTESIAN_POINT('',(20.0000000000002,550.,19.9999999999999));
#2909=CARTESIAN_POINT('',(2210.,550.,20.1000000000001));
#2910=CARTESIAN_POINT('Origin',(2210.,680.,20.1000000000001));
#2911=CARTESIAN_POINT('',(2080.,680.,19.9999999999999));
#2912=CARTESIAN_POINT('Origin',(2210.,680.,19.9999999999999));
#2913=CARTESIAN_POINT('',(2080.,680.,20.1000000000001));
#2914=CARTESIAN_POINT('Origin',(260.000000000001,679.999999999999,20.1000000000001));
#2915=CARTESIAN_POINT('',(260.000000000001,550.,19.9999999999999));
#2916=CARTESIAN_POINT('',(390.,680.,19.9999999999999));
#2917=CARTESIAN_POINT('Origin',(260.000000000001,680.,19.9999999999999));
#2918=CARTESIAN_POINT('',(260.000000000001,550.,20.0999999999997));
#2919=CARTESIAN_POINT('',(390.,680.,20.0999999999997));
#2920=CARTESIAN_POINT('Origin',(20.,550.,20.1000000000001));
#2921=CARTESIAN_POINT('',(160.,550.,19.9999999999999));
#2922=CARTESIAN_POINT('',(20.0000000000002,550.,19.9999999999999));
#2923=CARTESIAN_POINT('',(160.,550.,20.1000000000001));
#2924=CARTESIAN_POINT('Origin',(160.,19.9999999999994,20.1000000000001));
#2925=CARTESIAN_POINT('',(160.,1310.,19.9999999999996));
#2926=CARTESIAN_POINT('',(160.,19.9999999999994,19.9999999999999));
#2927=CARTESIAN_POINT('',(160.,1310.,20.0999999999997));
#2928=CARTESIAN_POINT('',(160.,1230.,120.));
#2929=CARTESIAN_POINT('',(160.,629.999999999999,120.));
#2930=CARTESIAN_POINT('Origin',(20.0000000000002,1310.,20.0999999999997));
#2931=CARTESIAN_POINT('',(260.000000000001,1310.,19.9999999999999));
#2932=CARTESIAN_POINT('',(20.0000000000002,1310.,19.9999999999999));
#2933=CARTESIAN_POINT('',(260.000000000001,1310.,20.0999999999997));
#2934=CARTESIAN_POINT('Origin',(260.000000000001,1180.,20.0999999999997));
#2935=CARTESIAN_POINT('',(390.,1180.,19.9999999999996));
#2936=CARTESIAN_POINT('Origin',(260.000000000001,1180.,19.9999999999999));
#2937=CARTESIAN_POINT('',(390.,1180.,20.0999999999997));
#2938=CARTESIAN_POINT('Origin',(20.0000000000002,139.999999999999,20.1000000000001));
#2939=CARTESIAN_POINT('Origin',(2080.,20.000000000002,20.1000000000001));
#2940=CARTESIAN_POINT('',(2080.,20.000000000002,20.0000000000003));
#2941=CARTESIAN_POINT('Origin',(390.000000000001,19.9999999999997,20.1000000000001));
#2942=CARTESIAN_POINT('',(390.000000000001,20.0000000000003,19.9999999999999));
#2943=CARTESIAN_POINT('Origin',(160.,19.9999999999997,20.1000000000001));
#2944=CARTESIAN_POINT('',(160.,19.9999999999997,19.9999999999999));
#2945=CARTESIAN_POINT('Origin',(20.,19.9999999999994,19.9999999999999));
#2946=CARTESIAN_POINT('Origin',(20.,19.9999999999994,19.9999999999999));
#2947=CARTESIAN_POINT('Origin',(20.,19.9999999999994,19.9999999999999));
#2948=CARTESIAN_POINT('Origin',(1235.,930.,20.9999999999997));
#2949=CARTESIAN_POINT('Origin',(20.,19.9999999999994,19.9999999999999));
#2950=CARTESIAN_POINT('Origin',(590.,1320.,20.9999999999997));
#2951=CARTESIAN_POINT('Origin',(590.,540.,21.0000000000001));
#2952=CARTESIAN_POINT('Origin',(1880.,540.000000000001,20.9999999999997));
#2953=CARTESIAN_POINT('Origin',(1880.,1320.,20.9999999999997));
#2954=CARTESIAN_POINT('Origin',(1235.,930.,20.9999999999997));
#2955=CARTESIAN_POINT('Origin',(20.,1230.,120.));
#2956=CARTESIAN_POINT('',(75.9999999999998,1230.,120.));
#2957=CARTESIAN_POINT('Origin',(75.9999999999998,629.999999999999,120.));
#2958=CARTESIAN_POINT('',(75.9999999999998,629.999999999999,120.));
#2959=CARTESIAN_POINT('Origin',(20.0000000000002,630.,120.));
#2960=CARTESIAN_POINT('Origin',(160.,629.999999999999,120.));
#2961=CARTESIAN_POINT('',(85.9999999999998,629.999999999999,120.));
#2962=CARTESIAN_POINT('Origin',(85.9999999999997,1230.,120.));
#2963=CARTESIAN_POINT('',(85.9999999999997,1230.,120.));
#2964=CARTESIAN_POINT('Origin',(160.,1230.,120.));
#2965=CARTESIAN_POINT('Origin',(2310.,1230.,120.));
#2966=CARTESIAN_POINT('',(2384.,1230.,120.));
#2967=CARTESIAN_POINT('',(2384.,1230.,120.));
#2968=CARTESIAN_POINT('',(2310.,1230.,120.));
#2969=CARTESIAN_POINT('Origin',(2384.,630.,120.));
#2970=CARTESIAN_POINT('',(2384.,630.,120.));
#2971=CARTESIAN_POINT('',(2384.,630.,120.));
#2972=CARTESIAN_POINT('',(2384.,1230.,120.));
#2973=CARTESIAN_POINT('Origin',(2310.,629.999999999999,120.));
#2974=CARTESIAN_POINT('',(2310.,629.999999999999,120.));
#2975=CARTESIAN_POINT('Origin',(2450.,630.000000000001,120.));
#2976=CARTESIAN_POINT('',(2394.,629.999999999999,120.));
#2977=CARTESIAN_POINT('',(2394.,629.999999999999,120.));
#2978=CARTESIAN_POINT('',(2450.,630.000000000001,120.));
#2979=CARTESIAN_POINT('Origin',(2394.,1230.,120.));
#2980=CARTESIAN_POINT('',(2394.,1230.,120.));
#2981=CARTESIAN_POINT('',(2394.,1230.,120.));
#2982=CARTESIAN_POINT('',(2394.,629.999999999999,120.));
#2983=CARTESIAN_POINT('Origin',(2450.,1230.,120.));
#2984=CARTESIAN_POINT('',(2450.,1230.,120.));
#2985=CARTESIAN_POINT('Origin',(20.,19.9999999999994,120.));
#2986=CARTESIAN_POINT('Origin',(120.,620.,19.9999999999999));
#2987=CARTESIAN_POINT('Origin',(2350.,620.,19.9999999999999));
#2988=CARTESIAN_POINT('Origin',(120.,1240.,19.9999999999999));
#2989=CARTESIAN_POINT('Origin',(2350.,1240.,19.9999999999999));
#2990=UNCERTAINTY_MEASURE_WITH_UNIT(LENGTH_MEASURE(0.01),#2994,
'DISTANCE_ACCURACY_VALUE',
'Maximum model space distance between geometric entities at asserted c
onnectivities');
#2991=UNCERTAINTY_MEASURE_WITH_UNIT(LENGTH_MEASURE(0.01),#2994,
'DISTANCE_ACCURACY_VALUE',
'Maximum model space distance between geometric entities at asserted c
onnectivities');
#2992=(
GEOMETRIC_REPRESENTATION_CONTEXT(3)
GLOBAL_UNCERTAINTY_ASSIGNED_CONTEXT((#2990))
GLOBAL_UNIT_ASSIGNED_CONTEXT((#2994,#2996,#2997))
REPRESENTATION_CONTEXT('','3D')
);
#2993=(
GEOMETRIC_REPRESENTATION_CONTEXT(3)
GLOBAL_UNCERTAINTY_ASSIGNED_CONTEXT((#2991))
GLOBAL_UNIT_ASSIGNED_CONTEXT((#2994,#2996,#2997))
REPRESENTATION_CONTEXT('','3D')
);
#2994=(
LENGTH_UNIT()
NAMED_UNIT(*)
SI_UNIT(.MILLI.,.METRE.)
);
#2995=(
LENGTH_UNIT()
NAMED_UNIT(*)
SI_UNIT($,.METRE.)
);
#2996=(
NAMED_UNIT(*)
PLANE_ANGLE_UNIT()
SI_UNIT($,.RADIAN.)
);
#2997=(
NAMED_UNIT(*)
SI_UNIT($,.STERADIAN.)
SOLID_ANGLE_UNIT()
);
#2998=SHAPE_DEFINITION_REPRESENTATION(#2999,#3000);
#2999=PRODUCT_DEFINITION_SHAPE('',$,#3002);
#3000=SHAPE_REPRESENTATION('',(#1874),#2992);
#3001=PRODUCT_DEFINITION_CONTEXT('part definition',#3006,'design');
#3002=PRODUCT_DEFINITION('SoccerField3','SoccerField_2023R1 v4',#3003,#3001);
#3003=PRODUCT_DEFINITION_FORMATION('',$,#3008);
#3004=PRODUCT_RELATED_PRODUCT_CATEGORY('SoccerField_2023R1 v4',
'SoccerField_2023R1 v4',(#3008));
#3005=APPLICATION_PROTOCOL_DEFINITION('international standard',
'automotive_design',2009,#3006);
#3006=APPLICATION_CONTEXT(
'Core Data for Automotive Mechanical Design Process');
#3007=PRODUCT_CONTEXT('part definition',#3006,'mechanical');
#3008=PRODUCT('SoccerField3','SoccerField_2023R1 v4','STEP AP203',(#3007));
#3009=PRESENTATION_STYLE_ASSIGNMENT((#3015));
#3010=PRESENTATION_STYLE_ASSIGNMENT((#3016));
#3011=PRESENTATION_STYLE_ASSIGNMENT((#3017));
#3012=PRESENTATION_STYLE_ASSIGNMENT((#3018));
#3013=PRESENTATION_STYLE_ASSIGNMENT((#3019));
#3014=PRESENTATION_STYLE_ASSIGNMENT((#3020));
#3015=SURFACE_STYLE_USAGE(.BOTH.,#3021);
#3016=SURFACE_STYLE_USAGE(.BOTH.,#3022);
#3017=SURFACE_STYLE_USAGE(.BOTH.,#3023);
#3018=SURFACE_STYLE_USAGE(.BOTH.,#3024);
#3019=SURFACE_STYLE_USAGE(.BOTH.,#3025);
#3020=SURFACE_STYLE_USAGE(.BOTH.,#3026);
#3021=SURFACE_SIDE_STYLE('',(#3027));
#3022=SURFACE_SIDE_STYLE('',(#3028));
#3023=SURFACE_SIDE_STYLE('',(#3029));
#3024=SURFACE_SIDE_STYLE('',(#3030));
#3025=SURFACE_SIDE_STYLE('',(#3031));
#3026=SURFACE_SIDE_STYLE('',(#3032));
#3027=SURFACE_STYLE_FILL_AREA(#3033);
#3028=SURFACE_STYLE_FILL_AREA(#3034);
#3029=SURFACE_STYLE_FILL_AREA(#3035);
#3030=SURFACE_STYLE_FILL_AREA(#3036);
#3031=SURFACE_STYLE_FILL_AREA(#3037);
#3032=SURFACE_STYLE_FILL_AREA(#3038);
#3033=FILL_AREA_STYLE('Steel - Satin',(#3039));
#3034=FILL_AREA_STYLE('Powder Coat - Rough (Black)',(#3040));
#3035=FILL_AREA_STYLE('Powder Coat - Rough (Green)',(#3041));
#3036=FILL_AREA_STYLE('Powder Coat - Rough (White)',(#3042));
#3037=FILL_AREA_STYLE('Powder Coat - Rough (Blue)',(#3043));
#3038=FILL_AREA_STYLE('Powder Coat - Rough (Yellow)',(#3044));
#3039=FILL_AREA_STYLE_COLOUR('Steel - Satin',#3045);
#3040=FILL_AREA_STYLE_COLOUR('Powder Coat - Rough (Black)',#3046);
#3041=FILL_AREA_STYLE_COLOUR('Powder Coat - Rough (Green)',#3047);
#3042=FILL_AREA_STYLE_COLOUR('Powder Coat - Rough (White)',#3048);
#3043=FILL_AREA_STYLE_COLOUR('Powder Coat - Rough (Blue)',#3049);
#3044=FILL_AREA_STYLE_COLOUR('Powder Coat - Rough (Yellow)',#3050);
#3045=COLOUR_RGB('Steel - Satin',0.627450980392157,0.627450980392157,0.627450980392157);
#3046=COLOUR_RGB('Powder Coat - Rough (Black)',0.0980392156862745,0.0980392156862745,
0.0980392156862745);
#3047=COLOUR_RGB('Powder Coat - Rough (Green)',0.266666666666667,0.588235294117647,
0.282352941176471);
#3048=COLOUR_RGB('Powder Coat - Rough (White)',0.964705882352941,0.964705882352941,
0.952941176470588);
#3049=COLOUR_RGB('Powder Coat - Rough (Blue)',0.337254901960784,0.427450980392157,
1.);
#3050=COLOUR_RGB('Powder Coat - Rough (Yellow)',1.,0.701960784313725,0.);
ENDSEC;
END-ISO-10303-21;
